CreditScore,Gender,Age,Tenure,Balance,NumOfProducts,HasCrCard,IsActiveMember,EstimatedSalary,CLV_Score,EngagementScore,Balance_Salary_Ratio,Geography_France,Geography_Germany,Geography_Spain,Churn_Probability,Risk_Tier,Actual_Churn
585,0,36,7,0.0,2,1,0,94283.09,29684.927,0,0.0,True,False,False,0.101,Low Risk,0
525,0,33,4,131023.76,2,0,0,55072.93,82833.75899999999,0,2.38,False,True,False,0.317,Medium Risk,0
557,1,40,4,0.0,2,0,1,105433.53,32430.059,2,0.0,False,False,True,0.1,Low Risk,0
639,0,34,5,139393.19,2,0,0,33950.08,80881.619,0,4.11,False,False,True,0.216,Low Risk,0
640,1,34,3,77826.8,1,1,1,168544.85,90076.855,1,0.46,False,False,True,0.122,Low Risk,0
559,0,34,0,0.0,1,1,0,182988.94,54896.682,0,0.0,False,False,True,0.526,High Risk,0
595,0,30,9,130682.11,2,1,1,57862.88,84499.919,2,2.26,False,True,False,0.086,Low Risk,0
706,1,29,6,185544.36,1,1,0,171037.63,145283.46899999998,0,1.08,False,True,False,0.299,Low Risk,0
505,0,49,7,80001.23,1,0,0,135180.11,81954.64799999999,0,0.59,True,False,False,0.828,Critical Risk,0
714,1,40,0,0.0,2,1,0,62762.12,18828.636,0,0.0,True,False,False,0.125,Low Risk,0
699,1,54,3,111009.32,1,1,1,155905.79,102876.397,1,0.71,False,True,False,0.709,Critical Risk,1
625,1,38,7,0.0,1,1,0,164804.02,50841.206,0,0.0,True,False,False,0.516,High Risk,0
721,0,35,10,0.0,2,1,0,71594.26,23478.278,0,0.0,True,False,False,0.07,Low Risk,0
727,1,31,10,96997.09,2,0,0,76614.04,73482.757,0,1.27,False,False,True,0.14,Low Risk,0
670,0,38,10,89416.99,1,0,0,144275.39,89991.11200000001,0,0.62,True,False,False,0.315,Medium Risk,0
702,0,30,2,0.0,2,1,1,145537.32,44061.196,2,0.0,False,False,True,0.042,Low Risk,0
633,1,42,1,0.0,2,1,0,56865.62,17259.686,0,0.0,True,False,False,0.173,Low Risk,0
491,1,61,8,0.0,2,0,1,139861.53,43558.459,2,0.0,False,False,True,0.108,Low Risk,0
617,1,58,3,119024.75,2,1,0,35199.24,70672.147,0,3.38,False,True,False,0.776,Critical Risk,1
572,1,35,1,139979.07,1,1,0,185662.84,125888.387,0,0.75,False,True,False,0.473,Medium Risk,0
551,0,52,1,0.0,1,0,0,63584.55,19275.365,0,0.0,True,False,False,0.914,Critical Risk,1
471,0,26,8,0.0,2,1,1,179655.87,55496.761,2,0.0,False,False,True,0.03,Low Risk,0
466,0,26,3,156815.71,1,1,1,137476.09,120250.682,1,1.14,True,False,False,0.083,Low Risk,0
588,0,44,8,154409.74,1,1,0,49324.03,93602.079,0,3.13,True,False,False,0.562,High Risk,1
778,1,34,7,109564.1,1,0,1,113046.81,90096.093,1,0.97,True,False,False,0.09,Low Risk,0
729,0,34,3,152303.8,1,1,0,12128.69,80390.507,0,12.56,True,False,False,0.311,Medium Risk,0
776,1,43,4,0.0,2,0,1,162137.5,49441.25,2,0.0,True,False,False,0.12,Low Risk,0
664,0,35,1,115024.5,1,0,1,169665.79,108611.987,1,0.68,False,False,True,0.149,Low Risk,0
523,0,36,8,158351.02,2,1,0,155304.53,127366.869,0,1.02,True,False,False,0.387,Medium Risk,0
733,0,39,5,91538.51,1,1,1,93783.0,74904.155,1,0.98,False,True,False,0.399,Medium Risk,0
693,1,30,6,127992.25,1,1,1,50457.2,80333.285,1,2.54,True,False,False,0.08,Low Risk,0
614,0,46,4,0.0,1,1,0,74379.57,23113.871000000003,0,0.0,True,False,False,0.879,Critical Risk,1
775,0,45,8,0.0,1,1,0,130376.68,40713.00399999999,0,0.0,True,False,False,0.81,Critical Risk,0
633,0,43,5,0.0,2,1,1,48249.88,15474.963999999998,2,0.0,True,False,False,0.063,Low Risk,0
676,1,43,2,0.0,1,1,1,55119.53,16935.859,1,0.0,True,False,False,0.481,Medium Risk,0
768,1,26,5,51116.26,1,1,1,70454.79,47694.567,1,0.73,True,False,False,0.1,Low Risk,1
727,1,29,1,146652.01,1,1,1,173486.39,125571.922,1,0.85,True,False,False,0.09,Low Risk,0
629,1,40,6,0.0,2,1,1,139356.3,43006.88999999999,2,0.0,True,False,False,0.079,Low Risk,0
702,0,43,6,116121.67,1,1,0,61602.42,77741.561,0,1.89,False,False,True,0.543,High Risk,0
796,1,52,9,167194.36,1,1,1,62808.93,104239.859,1,2.66,False,True,False,0.378,Medium Risk,1
530,1,41,4,0.0,2,0,1,147606.71,45082.013,2,0.0,False,False,True,0.125,Low Risk,0
510,1,32,1,0.0,2,0,1,28515.17,8754.551,2,0.0,True,False,False,0.041,Low Risk,0
709,0,44,9,128601.98,1,1,0,117031.2,101210.35,0,1.1,True,False,False,0.529,High Risk,0
642,1,40,6,129502.49,2,0,1,86099.23,91781.014,2,1.5,False,True,False,0.275,Low Risk,1
655,1,30,1,83173.98,2,1,1,184259.6,97064.87,2,0.45,False,True,False,0.065,Low Risk,0
464,1,33,10,147493.7,2,1,0,100447.53,105881.109,0,1.47,True,False,False,0.159,Low Risk,0
617,0,61,3,113858.95,1,1,1,38129.22,68968.241,1,2.99,False,False,True,0.201,Low Risk,0
655,1,46,7,137145.12,1,1,0,115146.4,104516.48,0,1.19,False,True,False,0.908,Critical Risk,1
709,0,26,6,156551.63,1,0,1,4410.77,80799.046,1,35.49,True,False,False,0.089,Low Risk,0
642,0,48,9,118317.27,4,0,0,78702.98,84569.529,0,1.5,True,False,False,0.711,Critical Risk,1
741,1,42,9,121056.63,2,1,0,39122.58,74065.089,0,3.09,False,False,True,0.358,Medium Risk,0
415,0,53,5,167259.44,1,1,1,22357.25,91336.895,1,7.48,False,False,True,0.303,Medium Risk,0
684,0,30,2,0.0,2,1,0,83473.82,25442.146,0,0.0,True,False,False,0.088,Low Risk,0
706,0,29,2,0.0,2,1,1,18255.51,5876.652999999999,2,0.0,False,False,True,0.043,Low Risk,0
634,1,45,2,0.0,1,1,1,143458.31,43437.493,1,0.0,True,False,False,0.511,High Risk,0
813,0,29,6,0.0,1,1,0,33953.87,11386.161,0,0.0,True,False,False,0.403,Medium Risk,0
775,0,70,6,119684.88,2,1,1,74532.02,83402.046,2,1.61,False,True,False,0.255,Low Risk,0
445,0,31,7,145056.59,1,1,1,175893.53,126696.354,1,0.82,True,False,False,0.109,Low Risk,0
701,0,37,8,107798.85,1,1,0,16966.73,60589.444,0,6.35,True,False,False,0.308,Medium Risk,0
752,0,33,4,0.0,2,1,1,39570.78,12671.234,2,0.0,True,False,False,0.02,Low Risk,0
723,0,21,4,0.0,2,0,0,24847.02,8254.106,0,0.0,True,False,False,0.069,Low Risk,0
806,0,34,6,0.0,2,0,0,100809.99,31442.997,0,0.0,True,False,False,0.093,Low Risk,0
625,0,49,6,173434.9,1,1,0,165580.93,137591.729,0,1.05,True,False,False,0.77,Critical Risk,1
712,1,44,2,0.0,2,0,0,45738.94,14121.682,0,0.0,False,False,True,0.336,Medium Risk,0
571,1,22,3,108117.1,1,0,1,53328.7,70657.16,1,2.03,False,False,True,0.077,Low Risk,0
639,1,37,4,116121.84,2,0,1,181850.74,113416.142,2,0.64,True,False,False,0.1,Low Risk,0
627,1,44,5,0.0,2,1,0,82969.61,25890.883,0,0.0,True,False,False,0.351,Medium Risk,1
630,0,32,4,82034.0,1,0,0,146326.45,85714.935,0,0.56,False,False,True,0.384,Medium Risk,0
578,0,23,8,0.0,2,1,0,112124.98,35237.494,0,0.0,False,False,True,0.064,Low Risk,0
679,0,39,6,0.0,2,1,0,12266.06,4879.817999999999,0,0.0,False,False,True,0.088,Low Risk,0
767,1,35,6,115576.44,1,0,1,27922.45,67364.955,1,4.14,True,False,False,0.107,Low Risk,0
762,1,35,3,119349.69,3,1,1,47114.18,74409.099,3,2.53,False,False,True,0.759,Critical Risk,1
734,0,39,6,0.0,1,1,1,95135.27,29740.581,1,0.0,False,False,True,0.196,Low Risk,0
659,0,67,6,117411.6,1,1,1,45071.09,73427.12700000001,1,2.61,False,True,False,0.422,Medium Risk,1
575,0,49,7,121205.15,4,1,1,168080.53,112426.734,4,0.72,False,True,False,0.91,Critical Risk,1
580,1,35,1,102097.33,1,0,1,168285.85,101734.42,1,0.61,True,False,False,0.162,Low Risk,0
766,0,41,0,0.0,2,0,1,34283.23,10284.969,2,0.0,False,False,True,0.109,Low Risk,0
850,0,38,3,54901.01,1,1,1,140075.55,70073.17,1,0.39,False,True,False,0.17,Low Risk,0
749,0,42,1,129776.72,2,0,1,143538.51,108149.913,2,0.9,True,False,False,0.217,Low Risk,0
746,0,48,5,165282.42,1,1,0,153786.46,129777.148,0,1.07,True,False,False,0.768,Critical Risk,1
718,0,37,8,0.0,2,1,1,142.81,1642.843,2,0.0,True,False,False,0.084,Low Risk,0
642,0,26,8,144238.7,1,1,1,184399.76,129039.278,1,0.78,False,False,True,0.146,Low Risk,0
558,0,33,0,108477.49,1,1,1,109096.71,86967.758,1,0.99,True,False,False,0.065,Low Risk,1
531,1,64,2,175754.87,2,1,1,60721.4,106493.855,2,2.89,False,True,False,0.22,Low Risk,0
748,1,41,2,91621.69,1,1,1,71139.31,67552.638,1,1.29,True,False,False,0.193,Low Risk,0
664,0,36,1,0.0,2,1,1,95372.64,28811.792,2,0.0,True,False,False,0.033,Low Risk,0
511,1,75,9,105609.17,1,0,1,105425.18,86232.139,1,1.0,False,True,False,0.481,Medium Risk,0
635,1,47,2,125724.95,2,1,0,63236.97,82233.56599999999,0,1.99,True,False,False,0.612,High Risk,0
571,0,34,1,99325.04,2,0,1,186052.15,105678.165,2,0.53,True,False,False,0.072,Low Risk,0
698,0,57,6,136325.48,2,1,1,72549.27,91127.521,2,1.88,True,False,False,0.182,Low Risk,1
636,0,76,9,126534.6,1,1,1,39789.62,77004.186,1,3.18,False,False,True,0.093,Low Risk,0
538,1,33,5,0.0,2,1,0,126962.41,39088.723,0,0.0,True,False,False,0.101,Low Risk,0
738,1,67,1,130652.52,1,0,1,22762.23,72354.929,1,5.74,True,False,False,0.2,Low Risk,0
662,0,20,9,104508.77,2,0,0,73107.53,75986.644,0,1.43,False,False,True,0.17,Low Risk,0
555,1,44,3,105770.7,3,1,0,60533.96,71645.538,0,1.75,True,False,False,0.792,Critical Risk,1
531,0,27,8,132576.25,1,0,0,7222.92,70055.001,0,18.35,False,False,True,0.29,Low Risk,0
593,1,32,9,134096.53,2,1,0,53931.05,85027.58,0,2.49,False,True,False,0.277,Low Risk,1
579,0,28,6,150329.15,1,1,0,145558.42,120032.101,0,1.03,False,True,False,0.484,Medium Risk,0
706,0,32,6,94486.47,1,1,1,146949.74,92528.157,1,0.64,True,False,False,0.073,Low Risk,0
754,0,28,8,0.0,2,1,1,52615.62,17384.686,2,0.0,True,False,False,0.02,Low Risk,0
653,0,31,9,143321.97,1,1,0,83679.46,98564.823,0,1.71,False,True,False,0.607,High Risk,0
558,0,26,1,148853.29,2,1,1,24411.02,81949.951,2,6.1,False,True,False,0.087,Low Risk,0
589,1,39,7,0.0,2,0,0,95985.64,30195.692,0,0.0,True,False,False,0.185,Low Risk,0
670,1,65,1,0.0,1,1,1,177655.68,53496.704,1,0.0,False,False,True,0.226,Low Risk,1
714,1,35,6,126077.43,2,1,1,53954.24,80424.987,2,2.34,False,True,False,0.133,Low Risk,0
547,1,51,1,0.0,2,1,1,56908.41,17272.523,2,0.0,True,False,False,0.132,Low Risk,0
761,0,37,7,132730.17,1,1,0,199293.01,127552.988,0,0.67,False,False,True,0.298,Low Risk,0
591,0,24,6,147360.0,1,1,1,25310.82,82473.246,1,5.82,True,False,False,0.062,Low Risk,0
714,1,31,4,125169.26,1,1,1,106636.89,95375.697,1,1.17,True,False,False,0.073,Low Risk,0
629,0,35,7,156847.29,2,1,0,31824.29,89370.932,0,4.93,False,True,False,0.344,Medium Risk,0
643,0,36,7,161064.64,2,0,1,84294.82,107220.766,2,1.91,True,False,False,0.121,Low Risk,0
445,1,38,6,119413.62,2,1,0,175756.36,113633.718,0,0.68,False,True,False,0.443,Medium Risk,0
501,1,34,3,107747.57,1,1,0,9249.36,57248.593,0,11.65,True,False,False,0.217,Low Risk,0
686,1,43,5,154846.24,2,1,1,151903.6,123994.2,2,1.02,False,True,False,0.343,Medium Risk,0
500,0,30,2,125495.64,2,1,1,68807.47,83790.061,2,1.82,False,True,False,0.096,Low Risk,0
703,0,39,1,141559.5,1,1,1,31257.1,80356.88,1,4.53,False,True,False,0.485,Medium Risk,1
730,0,34,5,122453.37,2,1,0,138882.98,103891.579,0,0.88,True,False,False,0.216,Low Risk,0
433,0,27,2,0.0,2,1,1,153698.65,46509.595,2,0.0,False,False,True,0.023,Low Risk,0
521,0,41,8,120586.54,1,0,1,20491.15,68040.61499999999,1,5.88,False,True,False,0.688,High Risk,0
791,1,33,10,130229.71,2,0,0,54019.93,83320.834,0,2.41,False,True,False,0.174,Low Risk,1
757,0,38,0,0.0,1,1,0,83263.06,24978.918,0,0.0,True,False,False,0.457,Medium Risk,0
447,1,44,5,89188.83,1,1,1,75408.24,68216.887,1,1.18,True,False,False,0.34,Medium Risk,0
792,0,30,1,127187.86,1,1,1,113553.42,97859.956,1,1.12,True,False,False,0.048,Low Risk,0
817,0,59,1,118962.58,1,1,1,120819.58,95927.164,1,0.98,True,False,False,0.211,Low Risk,0
607,1,33,8,91301.72,1,0,1,130824.57,86498.231,1,0.7,True,False,False,0.097,Low Risk,0
601,0,41,1,123971.16,1,0,1,172814.99,114030.077,1,0.72,True,False,False,0.305,Medium Risk,0
536,0,32,7,178011.5,2,1,0,22375.14,97118.292,0,7.96,True,False,False,0.293,Low Risk,0
554,1,36,3,157780.93,2,1,0,6089.13,81317.204,0,25.91,False,True,False,0.411,Medium Risk,0
577,0,60,10,125389.7,2,1,1,178616.73,118279.869,2,0.7,True,False,False,0.259,Low Risk,0
608,1,41,5,0.0,2,1,1,72462.25,22738.675,2,0.0,True,False,False,0.075,Low Risk,0
732,0,33,8,0.0,1,1,0,119882.7,37564.81,0,0.0,False,False,True,0.465,Medium Risk,0
789,1,53,1,158271.74,1,1,1,5036.39,80846.787,1,31.43,True,False,False,0.284,Low Risk,1
552,1,34,5,0.0,2,1,1,1351.41,1405.423,2,0.0,True,False,False,0.03,Low Risk,0
621,0,40,10,163823.37,1,0,0,89519.47,110767.526,0,1.83,True,False,False,0.382,Medium Risk,0
766,1,52,7,92510.9,2,0,1,66193.61,67513.533,2,1.4,True,False,False,0.278,Low Risk,0
685,0,43,4,97392.18,2,1,0,43956.83,62683.139,0,2.22,False,False,True,0.35,Medium Risk,0
649,1,38,8,0.0,1,1,0,103760.53,32728.159,0,0.0,False,False,True,0.432,Medium Risk,0
493,1,36,2,0.0,2,0,1,99770.3,30331.09,2,0.0,True,False,False,0.05,Low Risk,0
633,0,35,10,0.0,2,1,0,65675.47,21702.641,0,0.0,True,False,False,0.075,Low Risk,0
742,0,33,1,137937.95,1,1,1,51387.1,84585.10500000001,1,2.68,False,True,False,0.29,Low Risk,0
604,1,41,10,0.0,2,1,1,166224.39,51867.317,2,0.0,False,False,True,0.119,Low Risk,0
759,0,42,4,105420.18,1,0,1,121409.06,89932.80799999999,1,0.87,True,False,False,0.291,Low Risk,0
683,1,35,6,187530.66,2,1,1,37976.36,106358.238,2,4.94,True,False,False,0.239,Low Risk,0
678,0,28,2,109137.12,1,1,1,58814.41,72612.883,1,1.86,True,False,False,0.071,Low Risk,0
628,0,31,0,88421.81,1,0,0,72350.47,65916.046,0,1.22,True,False,False,0.325,Medium Risk,0
850,1,36,6,0.0,2,1,1,190194.95,58258.485,2,0.0,True,False,False,0.043,Low Risk,0
724,1,34,2,0.0,2,1,1,118863.38,36059.014,2,0.0,True,False,False,0.039,Low Risk,0
828,0,31,9,0.0,1,0,1,164257.37,51077.211,1,0.0,True,False,False,0.173,Low Risk,0
569,1,30,3,139528.23,1,1,1,33230.37,80333.22600000001,1,4.2,False,False,True,0.075,Low Risk,0
677,1,49,3,0.0,2,1,1,187811.71,56943.513,2,0.0,True,False,False,0.171,Low Risk,0
495,1,38,2,63093.01,1,1,1,47089.72,46073.421,1,1.34,True,False,False,0.232,Low Risk,0
627,1,33,4,83199.05,1,0,0,159334.93,90200.004,0,0.52,False,True,False,0.53,High Risk,0
597,1,36,9,0.0,2,1,1,7156.09,3946.827,2,0.0,True,False,False,0.066,Low Risk,0
762,0,31,7,117687.35,1,1,1,159344.43,108047.004,1,0.74,True,False,False,0.098,Low Risk,0
476,1,69,1,105303.73,1,0,1,134260.34,93129.967,1,0.78,False,False,True,0.339,Medium Risk,0
499,0,35,10,0.0,2,1,0,10722.54,5216.762000000001,0,0.0,True,False,False,0.042,Low Risk,0
642,0,62,7,0.0,2,1,1,61120.75,19736.225,2,0.0,True,False,False,0.05,Low Risk,0
562,0,62,3,0.0,2,1,0,105986.01,32395.803,0,0.0,True,False,False,0.545,High Risk,0
542,1,25,7,0.0,2,0,1,82393.08,26117.924,2,0.0,True,False,False,0.028,Low Risk,0
451,1,31,7,140931.82,1,0,1,20388.77,77982.541,1,6.91,True,False,False,0.075,Low Risk,0
712,1,37,1,106881.5,2,0,0,169386.81,104456.793,0,0.63,True,False,False,0.314,Medium Risk,0
565,0,34,6,0.0,1,1,1,63173.64,20152.092,1,0.0,True,False,False,0.202,Low Risk,0
732,1,36,9,0.0,1,0,0,3749.0,2924.7,0,0.0,True,False,False,0.316,Medium Risk,1
771,0,51,5,135506.58,3,1,1,152479.64,114497.182,3,0.89,False,False,True,0.851,Critical Risk,1
655,1,41,5,0.0,1,0,0,36548.0,11964.4,0,0.0,True,False,False,0.748,Critical Risk,1
683,0,38,3,126152.84,1,0,0,15378.75,68290.045,0,8.2,False,False,True,0.39,Medium Risk,0
764,0,38,4,113607.47,1,1,0,91094.46,84932.073,0,1.25,False,False,True,0.323,Medium Risk,0
438,0,60,7,78391.17,1,0,1,49424.6,55422.965,1,1.59,True,False,False,0.329,Medium Risk,0
762,0,35,9,122929.42,2,0,0,149822.04,108211.322,0,0.82,False,False,True,0.266,Low Risk,0
622,0,39,9,0.0,2,0,1,100862.36,32058.708,2,0.0,False,False,True,0.055,Low Risk,0
660,1,33,1,0.0,2,0,0,117834.91,35550.473,0,0.0,False,False,True,0.102,Low Risk,0
498,1,30,1,0.0,2,0,0,135795.53,40938.659,0,0.0,True,False,False,0.072,Low Risk,0
591,0,29,6,0.0,2,1,1,108684.65,33805.395,2,0.0,True,False,False,0.038,Low Risk,0
554,1,37,4,58629.97,1,0,0,182038.6,84726.565,0,0.32,False,True,False,0.43,Medium Risk,0
506,1,34,4,90307.62,1,1,1,159235.29,93724.397,1,0.57,True,False,False,0.092,Low Risk,0
505,1,25,5,114268.85,2,1,1,126728.27,96152.906,2,0.9,False,True,False,0.089,Low Risk,0
633,1,30,6,0.0,2,0,0,41642.29,13692.687,0,0.0,True,False,False,0.067,Low Risk,0
636,1,24,9,0.0,2,0,1,38830.72,13449.216,2,0.0,True,False,False,0.025,Low Risk,0
768,1,36,5,180169.44,2,1,0,17348.56,96289.288,0,10.39,True,False,False,0.313,Medium Risk,0
712,0,43,1,141749.74,2,0,1,90905.26,98346.448,2,1.56,False,True,False,0.351,Medium Risk,0
593,0,74,5,161434.36,2,1,1,65532.17,101376.831,2,2.46,False,True,False,0.196,Low Risk,0
708,0,38,8,99640.89,1,1,0,12429.22,55149.211,0,8.02,False,False,True,0.335,Medium Risk,0
529,1,43,0,123815.86,1,1,1,78463.99,85447.12700000001,1,1.58,True,False,False,0.279,Low Risk,1
579,0,42,0,144386.32,1,1,1,22497.1,78942.29000000001,1,6.42,False,True,False,0.546,High Risk,1
815,0,24,7,171922.72,1,0,1,178028.96,140770.048,1,0.97,True,False,False,0.217,Low Risk,0
606,0,40,1,144757.97,2,1,1,166656.18,122575.839,2,0.87,False,True,False,0.255,Low Risk,0
608,1,63,3,139529.93,2,1,1,175696.16,123073.813,2,0.79,False,False,True,0.25,Low Risk,1
648,1,40,5,139973.65,1,1,1,667.66,71187.12299999999,1,209.65,False,True,False,0.544,High Risk,1
482,1,35,5,147813.05,2,0,0,109029.72,107615.441,0,1.36,True,False,False,0.271,Low Risk,0
625,0,45,7,137555.44,1,0,0,124607.7,107560.03,0,1.1,True,False,False,0.753,Critical Risk,0
610,1,27,2,0.0,2,1,0,14546.76,4764.028,0,0.0,True,False,False,0.096,Low Risk,0
548,0,29,5,83442.98,1,0,1,177017.39,95826.707,1,0.47,True,False,False,0.125,Low Risk,0
850,1,32,5,106290.64,1,1,0,121982.73,90740.139,0,0.87,True,False,False,0.164,Low Risk,0
580,0,55,6,104305.74,1,0,1,175750.21,106077.933,1,0.59,True,False,False,0.462,Medium Risk,0
652,0,27,10,107303.72,2,0,0,44435.76,68982.588,0,2.41,True,False,False,0.138,Low Risk,0
687,1,29,7,93617.07,1,0,1,113050.92,82123.811,1,0.83,False,False,True,0.089,Low Risk,0
539,0,30,0,0.0,2,1,0,160979.66,48293.898,0,0.0,True,False,False,0.138,Low Risk,0
470,0,39,5,117469.91,2,0,0,63705.9,78846.725,0,1.84,False,True,False,0.546,High Risk,0
514,1,41,7,0.0,2,1,1,3756.65,2526.995,2,0.0,True,False,False,0.067,Low Risk,0
534,0,24,1,0.0,1,1,1,169653.32,51095.996,1,0.0,True,False,False,0.186,Low Risk,0
661,0,37,7,109908.06,2,1,0,115037.67,90865.331,0,0.96,False,True,False,0.475,Medium Risk,1
464,0,37,4,155994.15,1,0,0,143665.44,121896.707,0,1.09,False,True,False,0.628,High Risk,0
627,1,25,4,0.0,1,1,1,194313.93,59094.179,1,0.0,False,False,True,0.223,Low Risk,0
781,0,35,7,92526.15,2,1,1,173837.54,99814.337,2,0.53,False,True,False,0.062,Low Risk,0
555,0,41,10,113270.2,2,1,1,185387.14,114251.242,2,0.61,False,True,False,0.293,Low Risk,0
619,0,23,5,132725.1,1,1,1,143913.33,110536.549,1,0.92,False,True,False,0.212,Low Risk,0
775,1,38,6,179886.41,2,0,0,153122.58,137079.979,0,1.17,False,True,False,0.394,Medium Risk,0
671,1,44,0,84745.03,2,0,1,34673.98,52774.709,2,2.44,False,True,False,0.306,Medium Risk,0
735,0,36,5,0.0,2,1,0,105152.17,32545.651,0,0.0,False,False,True,0.077,Low Risk,0
724,1,30,9,142475.87,1,1,1,107848.24,105392.407,1,1.32,True,False,False,0.082,Low Risk,0
662,1,39,5,139562.05,2,1,0,61636.22,89271.89099999999,0,2.26,True,False,False,0.306,Medium Risk,0
657,1,37,6,95845.6,1,1,0,122218.23,85788.269,0,0.78,True,False,False,0.29,Low Risk,0
809,0,33,9,0.0,1,1,1,124045.65,39013.695,1,0.0,False,False,True,0.12,Low Risk,0
501,0,35,6,99760.84,1,1,1,13591.52,55157.876,1,7.34,True,False,False,0.106,Low Risk,0
564,1,36,7,206329.65,1,1,1,46632.87,118554.686,1,4.42,True,False,False,0.438,Medium Risk,1
635,0,33,1,0.0,3,0,0,178067.33,53620.19899999999,0,0.0,True,False,False,0.483,Medium Risk,1
790,1,33,10,135120.72,1,0,0,195204.99,128121.857,0,0.69,True,False,False,0.199,Low Risk,0
656,0,37,7,112291.34,1,1,0,153157.97,103493.061,0,0.73,True,False,False,0.266,Low Risk,0
679,0,60,8,0.0,2,1,1,51380.9,17014.27,2,0.0,True,False,False,0.065,Low Risk,0
692,0,66,4,159732.02,1,1,1,118188.15,116122.455,1,1.35,True,False,False,0.147,Low Risk,0
710,0,38,2,0.0,2,1,0,96.27,428.881,0,0.0,True,False,False,0.14,Low Risk,0
769,1,26,7,0.0,2,1,0,176843.53,54453.059,0,0.0,True,False,False,0.088,Low Risk,0
666,1,34,9,115897.12,1,1,1,25095.03,67277.06899999999,1,4.62,True,False,False,0.072,Low Risk,0
691,0,52,3,0.0,1,1,0,175843.68,53353.104,0,0.0,True,False,False,0.92,Critical Risk,1
604,0,36,6,116229.85,2,1,1,79633.38,83204.939,2,1.46,True,False,False,0.078,Low Risk,0
544,0,37,3,84496.71,1,0,0,79972.09,66839.982,0,1.06,True,False,False,0.419,Medium Risk,0
609,0,32,7,118520.41,1,0,0,3815.48,61804.849,0,31.06,True,False,False,0.272,Low Risk,0
597,0,35,0,127510.99,1,1,1,155356.34,110362.397,1,0.82,False,False,True,0.106,Low Risk,0
549,1,25,5,0.0,2,0,0,190857.79,58257.337,0,0.0,True,False,False,0.135,Low Risk,0
722,1,49,3,168197.66,1,1,0,140765.57,126928.501,0,1.19,True,False,False,0.777,Critical Risk,1
806,0,18,3,0.0,2,1,1,86994.54,26698.362,2,0.0,False,False,True,0.027,Low Risk,0
517,0,53,0,109172.88,1,1,0,54676.1,70989.27,0,2.0,False,True,False,0.931,Critical Risk,1
651,0,56,2,0.0,1,1,0,114522.68,34756.804,0,0.0,True,False,False,0.931,Critical Risk,1
803,1,40,6,165526.71,1,1,0,12328.08,87661.779,0,13.43,True,False,False,0.493,Medium Risk,0
747,0,37,1,0.0,2,0,1,180551.76,54365.528,2,0.0,False,False,True,0.108,Low Risk,0
648,0,33,5,138664.24,1,1,0,29076.27,79055.00099999999,0,4.77,False,True,False,0.719,Critical Risk,0
438,1,36,4,0.0,2,1,0,64420.5,20126.15,0,0.0,True,False,False,0.082,Low Risk,0
781,1,29,6,98759.89,1,0,0,112202.64,84240.737,0,0.88,False,False,True,0.292,Low Risk,0
610,0,57,6,106938.11,2,0,1,186612.47,110652.796,2,0.57,False,True,False,0.422,Medium Risk,0
628,0,39,6,0.0,2,0,0,134441.6,41532.48,0,0.0,True,False,False,0.208,Low Risk,0
601,0,24,7,0.0,2,0,0,144660.42,44798.126,0,0.0,False,False,True,0.112,Low Risk,0
629,1,31,6,0.0,1,1,1,16447.6,6134.28,1,0.0,True,False,False,0.217,Low Risk,1
738,0,62,10,83008.31,1,1,1,42766.03,56333.964,1,1.94,False,True,False,0.353,Medium Risk,0
850,0,30,5,123210.56,2,1,1,102180.27,93259.361,2,1.21,False,True,False,0.076,Low Risk,0
587,0,46,9,107850.82,1,1,0,139431.0,97554.71,0,0.77,False,True,False,0.931,Critical Risk,1
574,0,34,1,112572.39,1,0,0,165626.6,106174.175,0,0.68,True,False,False,0.259,Low Risk,0
535,1,45,2,0.0,2,0,1,170621.55,51586.465,2,0.0,True,False,False,0.224,Low Risk,0
565,0,32,9,0.0,2,1,0,5388.3,3416.49,0,0.0,True,False,False,0.043,Low Risk,0
469,1,52,8,139493.25,3,0,0,150093.32,116374.621,0,0.93,False,True,False,0.905,Critical Risk,1
566,0,42,3,108010.78,1,1,1,157486.1,101851.22,1,0.69,True,False,False,0.29,Low Risk,0
732,1,33,8,111379.55,1,1,1,45098.62,70819.361,1,2.47,False,False,True,0.055,Low Risk,0
459,0,26,4,149879.66,1,0,0,50016.17,90744.681,0,3.0,True,False,False,0.273,Low Risk,0
798,0,37,8,0.0,3,0,0,110783.28,34834.984,0,0.0,True,False,False,0.379,Medium Risk,0
487,1,61,5,110368.03,1,0,0,11384.45,59599.35,0,9.69,False,True,False,0.921,Critical Risk,1
678,1,38,2,0.0,2,0,0,115068.99,34920.697,0,0.0,True,False,False,0.13,Low Risk,0
850,0,37,6,0.0,2,1,0,109291.22,33987.366,0,0.0,True,False,False,0.079,Low Risk,0
755,1,33,6,90560.3,2,1,1,42607.69,59262.457,2,2.13,False,True,False,0.069,Low Risk,0
743,1,32,6,140348.56,2,1,1,163254.39,120350.597,2,0.86,False,True,False,0.154,Low Risk,0
567,1,46,1,68238.51,2,1,1,109572.58,67191.029,2,0.62,False,True,False,0.381,Medium Risk,0
814,1,36,6,0.0,2,1,1,98657.01,30797.103,2,0.0,True,False,False,0.028,Low Risk,0
543,0,42,4,89838.71,3,1,0,85983.54,71514.417,0,1.04,True,False,False,0.755,Critical Risk,1
663,0,44,2,117028.6,2,0,1,144680.18,102318.354,2,0.81,False,True,False,0.461,Medium Risk,0
621,0,51,4,109978.83,1,0,0,177740.58,109111.589,0,0.62,False,True,False,0.96,Critical Risk,1
666,0,38,6,99812.88,2,1,1,158357.97,98613.831,2,0.63,False,True,False,0.116,Low Risk,0
600,0,30,2,119755.0,1,1,1,21852.91,66833.37299999999,1,5.48,False,True,False,0.297,Low Risk,0
699,1,41,1,200117.76,2,1,0,94142.35,128501.585,0,2.13,False,True,False,0.384,Medium Risk,0
569,0,30,6,106629.49,1,0,1,44114.88,67749.209,1,2.42,False,True,False,0.301,Medium Risk,0
702,0,36,9,90560.48,2,1,0,174268.87,99360.901,0,0.52,False,True,False,0.297,Low Risk,0
832,1,29,5,0.0,2,1,0,178779.52,54633.85599999999,0,0.0,True,False,False,0.073,Low Risk,0
616,1,66,1,135842.41,1,1,0,183840.51,123273.358,0,0.74,True,False,False,0.754,Critical Risk,1
638,1,34,7,0.0,2,1,1,198969.78,61090.934,2,0.0,True,False,False,0.044,Low Risk,0
582,0,29,4,0.0,2,0,0,156153.27,47645.98099999999,0,0.0,True,False,False,0.128,Low Risk,0
627,0,73,0,146329.73,1,0,1,43615.67,86249.566,1,3.35,True,False,False,0.15,Low Risk,0
722,0,30,5,0.0,2,1,0,166376.54,50912.962,0,0.0,True,False,False,0.15,Low Risk,0
483,0,41,1,118334.44,1,0,0,163147.99,108311.617,0,0.73,False,True,False,0.856,Critical Risk,1
644,1,24,8,92760.55,1,1,0,35896.75,58749.3,0,2.58,True,False,False,0.186,Low Risk,0
684,0,39,4,207034.96,2,0,0,157694.76,151625.908,0,1.31,False,False,True,0.624,High Risk,1
850,0,34,6,0.0,1,0,1,52796.31,17038.892999999996,1,0.0,True,False,False,0.272,Low Risk,0
625,1,39,3,130786.92,1,0,1,121316.07,102388.281,1,1.08,True,False,False,0.196,Low Risk,0
814,1,31,4,0.0,2,1,1,142029.17,43408.751,2,0.0,True,False,False,0.028,Low Risk,0
490,0,33,5,96341.0,2,0,0,108313.34,81664.502,0,0.89,False,True,False,0.289,Low Risk,0
469,0,37,9,96776.49,1,1,1,119890.86,86155.503,1,0.81,False,False,True,0.103,Low Risk,0
592,0,39,7,0.0,2,1,0,83084.33,26325.299,0,0.0,True,False,False,0.116,Low Risk,0
718,0,27,2,0.0,2,0,0,26229.24,8268.772,0,0.0,True,False,False,0.068,Low Risk,0
545,1,26,1,0.0,2,1,1,199638.56,60091.568,2,0.0,True,False,False,0.047,Low Risk,0
726,1,53,1,113537.73,1,0,1,28367.21,65479.028,1,4.0,True,False,False,0.396,Medium Risk,0
660,0,39,9,134599.33,2,1,0,183095.87,124028.426,0,0.74,False,True,False,0.414,Medium Risk,0
762,0,32,10,191775.65,1,1,0,179657.83,151785.174,0,1.07,True,False,False,0.465,Medium Risk,0
628,0,33,6,0.0,2,0,0,184230.23,56469.069,0,0.0,True,False,False,0.18,Low Risk,0
563,1,39,5,0.0,2,1,1,17603.81,6281.143,2,0.0,True,False,False,0.057,Low Risk,0
666,1,32,10,112536.57,2,1,1,34350.54,68573.447,2,3.28,True,False,False,0.06,Low Risk,0
636,0,43,6,0.0,2,1,0,43128.95,14138.685,0,0.0,True,False,False,0.2,Low Risk,0
850,1,45,5,103909.86,1,1,0,60083.11,70979.863,0,1.73,False,True,False,0.71,Critical Risk,1
632,0,60,2,0.0,2,0,1,2085.32,1025.596,2,0.0,True,False,False,0.118,Low Risk,0
756,0,27,8,0.0,2,1,1,157932.75,48979.825,2,0.0,True,False,False,0.016,Low Risk,0
659,1,50,3,0.0,1,1,0,183399.12,55619.736,0,0.0,True,False,False,0.899,Critical Risk,1
733,1,38,3,157658.36,1,0,0,19658.43,85326.70899999999,0,8.02,True,False,False,0.412,Medium Risk,0
651,0,47,2,0.0,2,1,1,119808.64,36342.592,2,0.0,False,False,True,0.073,Low Risk,0
630,1,40,7,0.0,2,1,1,34453.17,11735.951,2,0.0,True,False,False,0.05,Low Risk,0
711,1,32,1,0.0,2,1,0,126188.42,38056.526,0,0.0,True,False,False,0.118,Low Risk,0
593,1,45,6,79259.75,1,1,0,55347.28,57434.059,0,1.43,False,False,True,0.719,Critical Risk,0
560,0,50,3,0.0,2,1,0,84531.79,25959.537,0,0.0,True,False,False,0.455,Medium Risk,0
704,1,24,7,113034.22,1,1,0,162503.48,106668.154,0,0.7,False,True,False,0.502,High Risk,1
598,0,38,1,101487.18,1,1,1,75959.1,73731.31999999999,1,1.34,False,True,False,0.39,Medium Risk,1
829,0,36,4,81795.74,2,1,0,90106.94,68729.952,0,0.91,False,True,False,0.312,Medium Risk,0
592,1,37,7,0.0,2,1,1,126726.33,39417.899,2,0.0,True,False,False,0.032,Low Risk,0
516,1,31,7,0.0,1,1,0,47018.75,15505.625,0,0.0,False,False,True,0.391,Medium Risk,0
603,1,48,5,0.0,1,1,0,100478.6,31143.58,0,0.0,True,False,False,0.881,Critical Risk,1
657,1,22,6,0.0,3,0,1,168412.07,51723.621,3,0.0,False,False,True,0.547,High Risk,1
847,1,41,3,101543.51,4,1,0,16025.17,56179.306,0,6.34,False,True,False,0.582,High Risk,1
481,1,34,5,0.0,2,1,1,125253.46,38576.038,2,0.0,True,False,False,0.025,Low Risk,0
711,0,38,10,0.0,2,0,0,53311.78,17993.534,0,0.0,True,False,False,0.194,Low Risk,0
678,1,32,5,0.0,2,1,0,90284.47,28085.341,0,0.0,True,False,False,0.112,Low Risk,0
617,1,46,3,106521.49,1,0,1,86587.37,79836.956,1,1.23,False,False,True,0.351,Medium Risk,0
756,1,26,5,101641.14,2,0,1,154460.68,98158.774,2,0.66,True,False,False,0.075,Low Risk,0
808,0,32,1,0.0,2,1,1,46200.71,14060.213,2,0.0,True,False,False,0.033,Low Risk,0
574,0,33,8,100267.03,1,1,0,103006.27,82635.39600000001,0,0.97,True,False,False,0.191,Low Risk,0
688,1,39,0,0.0,2,1,0,53222.15,15966.645,0,0.0,True,False,False,0.095,Low Risk,1
671,1,48,9,116711.06,2,0,0,76373.38,83067.544,0,1.53,False,True,False,0.733,Critical Risk,0
582,1,32,4,0.0,2,1,0,59668.81,18700.643,0,0.0,True,False,False,0.089,Low Risk,0
670,1,45,9,104930.38,1,1,0,155921.81,101041.733,0,0.67,True,False,False,0.646,High Risk,1
795,1,36,1,151844.64,1,1,1,135388.89,116738.987,1,1.12,True,False,False,0.086,Low Risk,0
554,1,30,9,0.0,2,1,1,40320.3,13896.09,2,0.0,True,False,False,0.024,Low Risk,0
484,1,50,2,90408.16,2,0,0,48170.57,60055.251,0,1.88,True,False,False,0.68,High Risk,0
603,0,51,8,186825.57,1,1,0,93739.71,123134.698,0,1.99,True,False,False,0.769,Critical Risk,1
778,0,33,1,0.0,2,1,0,85439.73,25831.919,0,0.0,True,False,False,0.084,Low Risk,0
661,1,42,9,75361.44,1,1,0,27608.12,47763.156,0,2.73,False,False,True,0.609,High Risk,1
667,0,44,8,122277.87,1,1,1,91810.71,90282.148,1,1.33,True,False,False,0.257,Low Risk,0
675,1,21,8,98373.26,1,1,0,18203.0,56247.53,0,5.4,True,False,False,0.181,Low Risk,0
715,0,42,6,0.0,2,1,1,128745.69,39823.707,2,0.0,False,False,True,0.063,Low Risk,0
495,1,40,1,140197.71,2,1,0,150720.39,115514.972,0,0.93,True,False,False,0.3,Medium Risk,0
680,1,30,8,141441.75,1,1,1,16278.97,77204.566,1,8.69,True,False,False,0.079,Low Risk,0
711,1,52,8,145262.54,1,0,1,131473.31,113673.263,1,1.1,False,True,False,0.761,Critical Risk,0
563,1,34,6,0.0,2,0,0,36536.93,12161.079,0,0.0,True,False,False,0.072,Low Risk,0
655,1,37,4,108862.76,1,1,0,79555.08,79097.904,0,1.37,False,True,False,0.648,High Risk,1
834,1,49,2,131394.56,1,0,0,194365.76,124407.008,0,0.68,True,False,False,0.684,High Risk,1
503,1,28,5,0.0,2,1,0,125918.17,38775.451,0,0.0,True,False,False,0.082,Low Risk,0
668,1,30,8,0.0,2,1,0,138465.7,43139.71,0,0.0,False,False,True,0.065,Low Risk,0
834,1,57,8,112281.6,3,1,0,140225.14,99808.342,0,0.8,False,True,False,0.851,Critical Risk,1
526,1,36,0,0.0,2,1,0,97767.63,29330.289,0,0.0,True,False,False,0.106,Low Risk,0
576,0,19,6,0.0,2,0,0,72306.07,22891.821,0,0.0,False,False,True,0.085,Low Risk,0
480,1,25,3,174330.35,2,0,0,181647.13,142259.314,0,0.96,False,True,False,0.283,Low Risk,0
670,1,50,8,138340.06,1,0,1,3159.15,71717.775,1,43.79,True,False,False,0.415,Medium Risk,0
660,0,30,7,146301.31,1,0,0,96847.91,103605.028,0,1.51,True,False,False,0.305,Medium Risk,0
651,1,45,6,86714.06,1,1,0,85869.89,70317.997,0,1.01,False,True,False,0.837,Critical Risk,1
844,0,56,5,99529.7,1,0,1,157230.06,97933.868,1,0.63,False,False,True,0.301,Medium Risk,1
680,0,36,3,116275.12,1,1,1,63795.8,77876.3,1,1.82,True,False,False,0.113,Low Risk,0
850,1,53,7,65407.16,2,0,0,182633.63,88893.669,0,0.36,False,False,True,0.725,Critical Risk,1
644,1,44,8,106022.73,2,0,0,148727.42,99229.591,0,0.71,False,True,False,0.765,Critical Risk,0
535,1,29,2,112367.34,1,1,0,185630.76,112272.898,0,0.61,True,False,False,0.174,Low Risk,0
655,1,29,9,0.0,2,0,1,85736.26,27520.878,2,0.0,False,False,True,0.038,Low Risk,0
609,1,39,8,141675.23,1,0,1,175664.25,125136.89,1,0.81,True,False,False,0.218,Low Risk,0
633,0,42,10,0.0,1,0,1,79408.17,25822.451,1,0.0,False,False,True,0.31,Medium Risk,0
550,0,33,4,118400.91,1,0,1,13999.64,64200.347,1,8.46,False,True,False,0.334,Medium Risk,1
665,1,27,2,147435.96,1,0,0,187508.06,130370.398,0,0.79,False,True,False,0.512,High Risk,0
640,0,40,8,110340.68,1,1,1,157886.6,104136.32,1,0.7,True,False,False,0.213,Low Risk,0
625,1,36,3,0.0,2,1,0,41295.1,12988.53,0,0.0,True,False,False,0.095,Low Risk,1
633,0,40,5,86172.81,2,1,1,117279.49,79270.25200000001,2,0.73,False,True,False,0.208,Low Risk,0
745,0,40,3,88466.82,1,0,0,116331.42,79732.83600000001,0,0.76,False,False,True,0.565,High Risk,0
777,1,30,4,0.0,2,0,1,115611.97,35483.591,2,0.0,True,False,False,0.027,Low Risk,0
755,0,36,8,0.0,2,1,0,176809.87,54642.961,0,0.0,True,False,False,0.102,Low Risk,0
705,0,30,1,0.0,1,1,1,181300.32,54590.096,1,0.0,True,False,False,0.175,Low Risk,0
786,1,29,4,0.0,2,1,0,103372.79,31811.837,0,0.0,True,False,False,0.075,Low Risk,0
758,0,68,6,112595.85,1,1,0,35865.44,68257.557,0,3.14,False,True,False,0.883,Critical Risk,1
604,0,27,9,101352.78,1,0,0,30252.3,61552.08,0,3.35,False,False,True,0.297,Low Risk,0
797,0,30,10,69413.44,1,1,1,74637.57,59097.991,1,0.93,True,False,False,0.066,Low Risk,0
489,1,31,7,139395.08,1,0,1,6120.84,72933.79199999999,1,22.77,True,False,False,0.097,Low Risk,0
621,0,41,5,104631.67,1,1,1,95551.22,81981.201,1,1.1,False,False,True,0.193,Low Risk,0
608,0,26,1,106648.98,1,0,1,7063.6,55643.57,1,15.1,False,True,False,0.257,Low Risk,0
480,1,42,1,152160.21,2,1,0,101778.9,106813.775,0,1.5,True,False,False,0.406,Medium Risk,0
504,0,42,7,131287.36,2,1,1,149697.78,111953.014,2,0.88,False,True,False,0.348,Medium Risk,0
663,1,22,9,0.0,1,1,0,29135.89,10540.767,0,0.0,False,False,True,0.377,Medium Risk,1
632,1,32,1,0.0,2,1,0,19525.65,6057.695000000001,0,0.0,False,False,True,0.076,Low Risk,0
845,0,33,8,164385.53,1,1,0,150664.97,128992.256,0,1.09,True,False,False,0.282,Low Risk,0
587,1,39,6,101851.8,2,1,0,7103.71,54257.013,0,14.34,False,True,False,0.467,Medium Risk,0
568,0,46,8,150836.92,1,0,0,64516.8,96373.5,0,2.34,False,True,False,0.924,Critical Risk,1
766,1,28,4,90696.78,1,0,1,21597.2,52627.55,1,4.2,False,True,False,0.196,Low Risk,0
633,0,59,2,103996.74,1,1,1,103159.11,83346.103,1,1.01,True,False,False,0.265,Low Risk,0
746,1,37,4,0.0,2,0,1,171039.56,52111.868,2,0.0,True,False,False,0.09,Low Risk,0
768,0,25,6,0.0,2,1,1,21215.67,7564.700999999999,2,0.0,True,False,False,0.018,Low Risk,0
635,0,38,0,103257.14,1,0,0,158344.63,99131.959,0,0.65,False,False,True,0.407,Medium Risk,0
529,1,27,1,0.0,2,1,1,37769.98,11530.994,2,0.0,True,False,False,0.025,Low Risk,0
625,0,39,2,0.0,2,1,0,100403.05,30520.915,0,0.0,True,False,False,0.131,Low Risk,0
697,1,42,10,0.0,2,1,0,61312.15,20393.645,0,0.0,True,False,False,0.209,Low Risk,0
673,1,25,3,108244.82,2,1,1,103573.96,85794.598,2,1.05,False,True,False,0.112,Low Risk,0
708,0,42,9,176702.36,2,1,1,104804.74,121592.60199999998,2,1.69,False,True,False,0.211,Low Risk,0
697,1,33,1,87347.7,1,1,0,172524.51,95631.203,0,0.51,True,False,False,0.222,Low Risk,0
573,0,26,8,86270.93,2,1,1,90177.3,71788.655,2,0.96,True,False,False,0.079,Low Risk,0
682,0,46,7,128029.72,1,1,1,62615.35,84199.465,1,2.04,False,False,True,0.204,Low Risk,0
647,0,44,4,93960.35,1,1,0,36579.53,58754.034,0,2.57,False,True,False,0.83,Critical Risk,1
797,1,33,10,83555.58,1,0,0,69767.14,64707.932,0,1.2,False,True,False,0.353,Medium Risk,0
651,0,37,9,114453.58,1,0,1,175820.91,111773.063,1,0.65,False,True,False,0.467,Medium Risk,0
501,0,43,6,104533.24,1,0,0,81123.59,77803.697,0,1.29,False,False,True,0.663,High Risk,1
727,1,26,9,121508.28,1,1,1,146785.44,106589.772,1,0.83,True,False,False,0.12,Low Risk,0
683,0,56,7,50911.21,3,0,0,97629.31,56144.398,0,0.52,False,False,True,0.881,Critical Risk,1
770,1,33,6,0.0,2,1,1,126131.9,39039.57,2,0.0,True,False,False,0.024,Low Risk,0
568,1,26,6,0.0,2,0,0,166495.2,51148.560000000005,0,0.0,False,False,True,0.152,Low Risk,0
577,0,48,6,179852.26,1,1,0,193580.32,149200.226,0,0.93,False,False,True,0.499,Medium Risk,0
608,0,34,3,106288.54,1,1,1,36639.25,64736.045,1,2.9,False,True,False,0.306,Medium Risk,0
679,1,28,9,0.0,2,0,1,61761.77,20328.531,2,0.0,False,False,True,0.03,Low Risk,0
544,1,45,6,0.0,2,0,1,151401.33,46620.399,2,0.0,True,False,False,0.176,Low Risk,0
620,0,29,9,0.0,2,1,0,13133.88,5740.164,0,0.0,False,False,True,0.051,Low Risk,0
588,1,30,0,110148.49,1,1,0,5790.9,56811.515,0,19.02,False,True,False,0.577,High Risk,1
757,0,31,1,127320.36,3,1,0,163170.32,112811.276,0,0.78,False,True,False,0.576,High Risk,0
775,0,30,4,0.0,2,0,1,57461.13,18038.339,2,0.0,False,False,True,0.04,Low Risk,0
718,1,44,1,133866.22,1,0,1,139049.24,108847.882,1,0.96,True,False,False,0.365,Medium Risk,0
690,0,35,6,112689.95,1,1,0,176962.31,110633.668,0,0.64,True,False,False,0.257,Low Risk,0
613,1,21,7,105627.95,1,1,1,36560.51,65182.128,1,2.89,True,False,False,0.058,Low Risk,0
699,1,43,3,80764.03,1,1,0,199378.58,100795.589,0,0.41,True,False,False,0.623,High Risk,1
727,0,43,2,97403.18,1,1,1,107415.02,81326.09599999999,1,0.91,False,False,True,0.227,Low Risk,1
850,0,66,4,0.0,2,0,1,64350.8,20105.24,2,0.0,True,False,False,0.048,Low Risk,0
581,0,31,3,0.0,2,0,0,89040.61,27312.183,0,0.0,True,False,False,0.121,Low Risk,0
513,1,42,10,0.0,2,0,1,73151.25,23945.375,2,0.0,False,False,True,0.074,Low Risk,0
620,0,61,5,0.0,1,0,0,31641.52,10492.456,0,0.0,True,False,False,0.915,Critical Risk,1
726,1,38,5,126875.62,1,1,0,128052.29,102853.497,0,0.99,True,False,False,0.341,Medium Risk,0
709,1,34,2,111669.68,1,1,0,57029.66,73343.738,0,1.96,True,False,False,0.3,Medium Risk,0
804,0,24,3,0.0,2,1,0,173195.33,52558.599,0,0.0,True,False,False,0.09,Low Risk,0
850,1,28,9,0.0,2,1,0,185821.41,57546.423,0,0.0,True,False,False,0.076,Low Risk,0
670,1,31,2,57530.06,1,1,1,181893.31,83733.02299999999,1,0.32,True,False,False,0.147,Low Risk,1
841,1,31,3,162701.65,2,1,1,126794.56,119989.193,2,1.28,True,False,False,0.048,Low Risk,0
628,1,45,6,53667.44,1,1,0,115022.94,62540.602,0,0.47,False,True,False,0.653,High Risk,0
675,0,49,8,135133.39,1,0,1,179521.24,123023.067,1,0.75,True,False,False,0.338,Medium Risk,1
567,0,40,7,122265.24,1,1,0,138552.74,104098.442,0,0.88,False,True,False,0.79,Critical Risk,0
672,1,40,3,0.0,1,1,0,113171.61,34551.483,0,0.0,True,False,False,0.579,High Risk,1
581,1,46,1,0.0,2,1,0,104272.04,31481.612,0,0.0,False,False,True,0.299,Low Risk,0
584,1,29,4,0.0,2,1,0,88866.92,27460.076,0,0.0,False,False,True,0.073,Low Risk,0
644,0,28,0,0.0,2,1,0,119419.37,35825.810999999994,0,0.0,False,False,True,0.069,Low Risk,0
661,1,27,3,0.0,2,1,1,76889.79,23666.937,2,0.0,True,False,False,0.034,Low Risk,0
667,1,24,4,0.0,2,0,1,34335.55,11100.665,2,0.0,True,False,False,0.029,Low Risk,0
630,0,30,3,0.0,2,0,1,10486.69,3746.007,2,0.0,False,False,True,0.034,Low Risk,0
656,0,43,7,134919.85,1,1,0,194691.95,127267.51,0,0.69,True,False,False,0.592,High Risk,0
686,1,31,1,0.0,2,1,0,4802.25,1640.675,0,0.0,True,False,False,0.102,Low Risk,0
730,0,38,0,38848.19,2,0,0,94003.11,47625.028000000006,0,0.41,False,True,False,0.266,Low Risk,0
664,0,58,5,98668.18,1,1,1,60887.58,68600.364,1,1.62,True,False,False,0.225,Low Risk,0
616,1,41,1,103560.57,1,1,0,236.45,52051.22,0,437.98,False,True,False,0.641,High Risk,1
718,0,63,7,123204.88,1,1,1,100538.8,93164.08,1,1.23,False,True,False,0.597,High Risk,0
717,0,53,6,0.0,2,0,1,97614.87,30484.461,2,0.0,True,False,False,0.137,Low Risk,0
656,0,35,6,0.0,2,1,0,1485.27,1645.581,0,0.0,True,False,False,0.096,Low Risk,0
687,1,31,2,0.0,2,0,1,145411.39,44023.417,2,0.0,True,False,False,0.065,Low Risk,0
649,1,52,8,49113.75,1,1,0,41858.43,38714.404,0,1.17,True,False,False,0.824,Critical Risk,0
697,1,45,1,0.0,2,1,0,46807.62,14242.286,0,0.0,True,False,False,0.288,Low Risk,1
659,0,36,2,76190.48,2,1,1,149066.14,83215.082,2,0.51,False,True,False,0.085,Low Risk,0
587,0,33,8,148163.57,1,0,0,122925.4,112559.405,0,1.21,True,False,False,0.262,Low Risk,0
613,0,44,3,0.0,2,0,1,136491.72,41547.516,2,0.0,True,False,False,0.162,Low Risk,0
733,0,33,3,0.0,1,1,1,7666.73,2900.019,1,0.0,True,False,False,0.208,Low Risk,0
517,0,46,4,0.0,1,1,0,22372.78,7511.834,0,0.0,False,False,True,0.705,Critical Risk,0
584,1,66,5,0.0,1,1,0,49553.38,15866.014,0,0.0,True,False,False,0.826,Critical Risk,1
728,1,43,5,0.0,1,1,1,120088.17,37026.451,1,0.0,False,False,True,0.305,Medium Risk,0
777,1,34,5,96693.66,1,1,1,172618.52,101132.386,1,0.56,False,True,False,0.24,Low Risk,0
619,1,44,6,52831.13,1,1,1,112649.22,61410.33099999999,1,0.47,False,False,True,0.331,Medium Risk,1
733,0,36,1,0.0,2,0,1,108377.82,32713.346,2,0.0,False,False,True,0.057,Low Risk,0
430,0,31,5,0.0,1,1,0,95655.16,29696.548,0,0.0,True,False,False,0.489,Medium Risk,0
580,0,45,8,103741.14,1,1,0,47428.73,67699.189,0,2.19,False,True,False,0.906,Critical Risk,1
665,0,32,1,132178.67,1,0,0,11865.76,69849.06300000001,0,11.14,False,True,False,0.779,Critical Risk,0
502,0,45,0,0.0,1,0,0,84663.21,25398.963,0,0.0,True,False,False,0.807,Critical Risk,0
585,0,56,4,138227.19,2,1,1,55287.84,86499.947,2,2.5,True,False,False,0.21,Low Risk,0
626,0,44,10,0.0,2,0,0,164287.86,51286.35799999999,0,0.0,True,False,False,0.412,Medium Risk,0
753,1,47,1,131160.85,1,1,0,197444.69,125013.832,0,0.66,False,True,False,0.838,Critical Risk,0
535,1,49,3,0.0,1,0,0,61820.41,19146.123,0,0.0,True,False,False,0.937,Critical Risk,1
751,0,52,8,0.0,2,0,1,179291.85,55387.555,2,0.0,False,False,True,0.175,Low Risk,0
478,1,36,3,92363.3,2,1,0,44912.7,60255.46,0,2.06,False,False,True,0.231,Low Risk,0
643,1,45,4,45144.43,1,1,0,60917.24,41647.387,0,0.74,True,False,False,0.796,Critical Risk,1
743,0,59,5,108585.35,1,1,1,192127.22,112930.841,1,0.57,False,True,False,0.588,High Risk,1
699,0,53,4,0.0,2,0,1,111307.98,34192.394,2,0.0,True,False,False,0.148,Low Risk,0
668,0,46,0,0.0,2,0,0,29388.02,8816.405999999999,0,0.0,True,False,False,0.289,Low Risk,0
500,0,38,7,0.0,2,0,0,192013.23,59003.969000000005,0,0.0,False,False,True,0.211,Low Risk,0
555,1,62,10,114822.64,1,0,1,8444.5,61944.67,1,13.6,False,True,False,0.654,High Risk,0
581,0,50,2,143829.2,2,1,0,181224.24,126681.872,0,0.79,False,True,False,0.716,Critical Risk,1
559,1,42,7,0.0,2,1,1,190040.29,58412.087,2,0.0,True,False,False,0.161,Low Risk,0
514,0,45,1,178827.79,1,1,0,60375.18,107726.449,0,2.96,True,False,False,0.717,Critical Risk,0
521,1,32,2,136555.01,2,1,1,129353.21,107483.468,2,1.06,True,False,False,0.084,Low Risk,0
737,1,39,7,130051.66,2,0,0,55356.39,83032.747,0,2.35,False,False,True,0.29,Low Risk,1
699,0,31,8,125927.51,2,1,0,147661.47,108862.196,0,0.85,False,False,True,0.242,Low Risk,0
737,1,32,7,128551.36,2,0,1,189402.71,122496.493,2,0.68,True,False,False,0.108,Low Risk,0
603,0,24,1,165149.13,2,1,0,21858.28,89332.049,0,7.56,False,False,True,0.255,Low Risk,0
752,0,30,4,81523.38,1,1,1,36885.85,52627.445,1,2.21,False,True,False,0.101,Low Risk,0
524,1,28,7,0.0,2,0,1,147100.72,45530.216,2,0.0,True,False,False,0.021,Low Risk,0
608,1,38,9,102406.76,1,0,1,57600.66,70283.578,1,1.78,False,False,True,0.112,Low Risk,0
603,0,35,6,128993.76,2,1,0,130483.56,104841.948,0,0.99,True,False,False,0.252,Low Risk,0
720,0,52,7,0.0,1,1,1,14781.12,5834.336,1,0.0,True,False,False,0.51,High Risk,0
633,0,29,6,117412.35,1,0,0,30338.94,69007.857,0,3.87,False,True,False,0.771,Critical Risk,0
660,1,28,3,128929.88,1,1,1,198069.71,124485.853,1,0.65,False,False,True,0.135,Low Risk,0
526,1,36,5,91132.18,1,0,0,58111.71,63999.603,0,1.57,False,False,True,0.396,Medium Risk,0
691,1,34,7,0.0,2,0,1,161559.12,49867.736,2,0.0,True,False,False,0.043,Low Risk,0
705,1,56,2,143249.67,1,1,0,88428.41,98553.358,0,1.62,False,True,False,0.904,Critical Risk,1
586,1,33,10,66948.67,2,1,1,140759.03,77702.044,2,0.48,False,False,True,0.077,Low Risk,0
465,1,51,8,122522.32,1,0,0,181297.65,117250.455,0,0.68,True,False,False,0.815,Critical Risk,1
597,0,67,2,0.0,2,0,1,108645.85,32993.755000000005,2,0.0,True,False,False,0.141,Low Risk,0
683,1,43,4,115888.04,1,1,1,117349.19,93948.777,1,0.99,False,True,False,0.64,High Risk,1
794,0,31,0,144880.34,2,0,1,175643.44,125133.202,2,0.82,False,False,True,0.104,Low Risk,0
569,0,41,4,120243.49,1,1,0,163150.03,109866.754,0,0.74,True,False,False,0.523,High Risk,1
565,0,31,2,89558.39,2,1,1,4441.54,46511.657,2,20.16,False,True,False,0.05,Low Risk,0
674,1,26,10,0.0,2,1,1,138423.1,43526.93,2,0.0,True,False,False,0.045,Low Risk,0
850,1,40,7,104449.8,1,1,1,747.88,53849.264,1,139.66,False,True,False,0.498,Medium Risk,0
660,0,35,8,58641.43,1,0,1,198674.08,90522.939,1,0.3,False,True,False,0.321,Medium Risk,0
677,0,56,5,123959.97,1,1,1,60590.72,81157.201,1,2.05,False,False,True,0.225,Low Risk,1
690,0,32,0,106683.52,2,1,1,137916.49,94716.707,2,0.77,False,True,False,0.099,Low Risk,0
755,0,42,2,119919.12,1,1,0,156868.21,107420.023,0,0.76,True,False,False,0.553,High Risk,0
670,0,33,2,141204.65,2,1,0,76257.46,93879.563,0,1.85,True,False,False,0.185,Low Risk,0
713,1,52,0,185891.54,1,1,1,46369.57,106856.641,1,4.01,True,False,False,0.399,Medium Risk,1
628,1,28,3,153538.13,2,1,0,110776.01,110601.868,0,1.39,False,True,False,0.304,Medium Risk,0
738,0,58,2,133745.44,4,1,0,28373.86,75784.878,0,4.71,False,True,False,0.881,Critical Risk,1
813,0,59,2,135078.41,1,1,0,187636.06,124230.023,0,0.72,False,True,False,0.891,Critical Risk,1
560,1,38,5,83714.41,1,1,1,33245.97,52830.996,1,2.52,True,False,False,0.143,Low Risk,0
718,1,37,7,0.0,2,1,1,55100.09,17930.027,2,0.0,True,False,False,0.052,Low Risk,0
687,0,44,8,95368.14,2,1,1,1787.85,49820.425,2,53.34,False,True,False,0.345,Medium Risk,0
576,1,55,6,44582.07,3,0,1,67539.85,43752.990000000005,3,0.66,True,False,False,0.763,Critical Risk,1
528,0,37,6,103772.45,1,1,0,197111.99,112219.822,0,0.53,True,False,False,0.273,Low Risk,0
560,1,44,5,143244.97,1,1,0,98661.27,102220.866,0,1.45,True,False,False,0.611,High Risk,0
628,0,37,0,0.0,2,1,1,171707.93,51512.37899999999,2,0.0,True,False,False,0.059,Low Risk,0
831,0,30,2,0.0,2,0,1,3430.38,1429.114,2,0.0,True,False,False,0.031,Low Risk,0
641,0,31,3,153316.14,1,1,0,59927.99,95236.467,0,2.56,False,False,True,0.346,Medium Risk,0
521,1,49,2,127948.57,1,1,1,182765.14,119203.827,1,0.7,False,True,False,0.71,Critical Risk,0
566,1,40,2,97001.36,2,1,0,154486.01,95246.483,0,0.63,False,True,False,0.503,High Risk,0
673,1,37,8,0.0,2,1,1,183318.79,56595.637,2,0.0,False,False,True,0.051,Low Risk,0
580,1,35,8,0.0,2,0,1,10357.03,4707.109,2,0.0,True,False,False,0.064,Low Risk,0
655,0,27,10,0.0,2,1,0,51620.94,17486.282,0,0.0,True,False,False,0.062,Low Risk,0
565,1,32,9,68067.24,1,1,0,143287.58,78819.894,0,0.48,False,True,False,0.262,Low Risk,0
523,0,63,6,116227.27,1,1,1,119404.63,95135.024,1,0.97,False,True,False,0.592,High Risk,0
688,1,32,5,0.0,2,0,1,177607.77,54282.331,2,0.0,True,False,False,0.08,Low Risk,0
664,1,41,5,0.0,1,1,1,152054.33,46616.29899999999,1,0.0,True,False,False,0.33,Medium Risk,0
690,0,49,8,116622.73,1,0,1,51011.29,75214.752,1,2.29,False,False,True,0.289,Low Risk,0
538,0,25,5,62482.95,1,1,1,102758.43,63069.00399999999,1,0.61,False,True,False,0.099,Low Risk,0
566,1,44,5,141428.99,2,0,0,68408.74,92237.117,0,2.07,False,True,False,0.733,Critical Risk,0
684,0,45,6,148071.39,1,1,0,183575.01,130308.198,0,0.81,True,False,False,0.641,High Risk,0
609,1,53,6,0.0,2,1,1,124218.27,38465.481,2,0.0,True,False,False,0.137,Low Risk,0
668,0,47,7,106854.21,1,0,1,157959.02,102214.811,1,0.68,False,True,False,0.81,Critical Risk,1
624,1,62,7,125163.62,2,1,1,151411.5,109405.26,2,0.83,True,False,False,0.244,Low Risk,0
623,0,45,0,0.0,1,1,0,196533.72,58960.116,0,0.0,True,False,False,0.768,Critical Risk,1
595,0,29,6,150685.79,1,1,0,87771.06,102874.213,0,1.72,True,False,False,0.254,Low Risk,0
665,1,32,10,0.0,1,1,1,22487.45,8746.235,1,0.0,False,False,True,0.247,Low Risk,0
700,1,37,7,0.0,2,1,0,17040.82,6512.246,0,0.0,True,False,False,0.08,Low Risk,0
594,1,53,4,0.0,1,1,0,5408.74,2422.622,0,0.0,True,False,False,0.854,Critical Risk,1
795,0,38,7,125903.22,2,1,1,127068.92,102472.286,2,0.99,False,True,False,0.142,Low Risk,0
484,1,32,3,0.0,2,1,1,139390.99,42417.297,2,0.0,True,False,False,0.032,Low Risk,0
742,1,36,2,129748.54,2,0,0,47271.61,79455.753,0,2.74,False,True,False,0.327,Medium Risk,1
499,1,55,4,126817.65,2,1,0,123269.71,101189.738,0,1.03,False,True,False,0.86,Critical Risk,0
669,0,45,7,149364.58,1,0,1,173454.07,128118.511,1,0.86,True,False,False,0.344,Medium Risk,0
560,1,33,9,0.0,1,0,1,183358.21,56807.463,1,0.0,False,False,True,0.261,Low Risk,0
650,1,23,5,0.0,1,1,1,180622.43,55186.729,1,0.0,False,False,True,0.195,Low Risk,0
619,0,52,8,0.0,2,1,1,123242.11,38572.633,2,0.0,False,False,True,0.113,Low Risk,0
652,0,71,4,0.0,1,1,1,120107.1,36832.13,1,0.0,False,False,True,0.249,Low Risk,0
705,1,24,5,177799.83,2,0,0,79886.06,113865.733,0,2.23,False,False,True,0.364,Medium Risk,0
778,1,47,6,127299.34,2,1,0,124694.99,102258.167,0,1.02,False,False,True,0.625,High Risk,0
629,0,28,8,108601.0,1,1,1,119647.7,91794.81,1,0.91,False,True,False,0.257,Low Risk,0
596,1,39,10,86546.29,1,0,1,131768.98,84803.839,1,0.66,True,False,False,0.222,Low Risk,0
754,0,37,6,0.0,1,1,1,116141.72,36042.516,1,0.0,True,False,False,0.201,Low Risk,0
776,0,30,6,0.0,2,0,1,63908.86,20372.658,2,0.0,False,False,True,0.018,Low Risk,0
615,1,44,9,126104.98,2,0,1,110718.02,98067.896,2,1.14,False,True,False,0.376,Medium Risk,0
684,1,44,2,133776.86,2,0,1,49865.04,82247.942,2,2.68,False,True,False,0.376,Medium Risk,0
513,1,49,5,171601.27,1,1,0,126223.84,124667.78699999998,0,1.36,False,True,False,0.789,Critical Risk,0
705,1,46,5,89364.91,1,0,1,139162.15,87431.1,1,0.64,False,False,True,0.406,Medium Risk,0
489,0,58,4,0.0,2,1,1,191419.32,58225.796,2,0.0,False,False,True,0.212,Low Risk,0
721,0,40,3,0.0,1,1,1,144874.67,44062.401000000005,1,0.0,True,False,False,0.4,Medium Risk,0
690,0,36,7,101583.11,2,1,0,123775.15,89324.1,0,0.82,True,False,False,0.251,Low Risk,0
683,0,36,5,115350.63,1,1,1,122305.91,95367.088,1,0.94,True,False,False,0.093,Low Risk,0
465,0,33,5,0.0,2,0,1,78698.09,24609.427,2,0.0,True,False,False,0.029,Low Risk,0
850,0,27,6,96654.72,2,0,0,152740.16,95349.408,0,0.63,True,False,False,0.18,Low Risk,0
627,1,39,5,124586.93,1,1,0,93132.61,91233.248,0,1.34,False,True,False,0.726,Critical Risk,1
669,1,47,9,61196.54,1,1,0,58170.24,49849.342,0,1.05,True,False,False,0.7,Critical Risk,0
762,0,36,5,119547.46,1,1,1,42693.65,73581.825,1,2.8,True,False,False,0.091,Low Risk,0
448,1,36,6,83947.12,2,1,0,81999.53,67773.419,0,1.02,True,False,False,0.245,Low Risk,0
813,1,25,5,123616.43,1,0,1,132959.33,102696.014,1,0.93,False,True,False,0.256,Low Risk,0
601,0,42,1,98495.72,1,1,0,40014.76,61452.288,0,2.46,False,True,False,0.825,Critical Risk,1
723,0,28,4,0.0,2,1,1,123885.88,37965.764,2,0.0,True,False,False,0.024,Low Risk,0
850,1,35,7,114285.2,1,0,1,129660.59,97440.777,1,0.88,False,True,False,0.316,Medium Risk,0
601,0,47,1,64430.06,2,0,1,96517.97,61370.421,2,0.67,True,False,False,0.439,Medium Risk,0
707,1,35,9,0.0,2,1,1,70403.65,22921.095,2,0.0,True,False,False,0.04,Low Risk,0
461,1,35,5,0.0,1,1,1,54209.02,17262.706,1,0.0,True,False,False,0.203,Low Risk,0
596,0,67,6,0.0,2,1,1,138350.74,42705.222,2,0.0,False,False,True,0.031,Low Risk,0
730,0,26,6,0.0,2,1,1,185808.7,56942.61,2,0.0,False,False,True,0.017,Low Risk,0
540,0,28,8,0.0,2,0,0,197588.32,60876.496,0,0.0,False,False,True,0.154,Low Risk,0
631,0,27,10,134169.62,1,1,1,176730.02,122103.816,1,0.76,False,False,True,0.145,Low Risk,0
817,0,45,9,101207.75,1,0,0,88211.12,78867.211,0,1.15,False,True,False,0.874,Critical Risk,1
583,0,40,3,0.0,2,1,0,47728.0,14918.4,0,0.0,True,False,False,0.13,Low Risk,0
683,1,32,0,138171.1,2,1,1,188203.58,125546.624,2,0.73,False,True,False,0.111,Low Risk,0
662,1,41,4,0.0,2,1,0,126551.48,38765.444,0,0.0,True,False,False,0.207,Low Risk,0
559,0,33,9,111060.05,2,1,0,110371.84,90441.577,0,1.01,True,False,False,0.19,Low Risk,0
538,1,28,6,164365.44,1,0,1,5698.97,85092.41100000001,1,28.84,False,True,False,0.202,Low Risk,0
670,1,38,4,119624.54,2,1,1,110472.12,93753.906,2,1.08,True,False,False,0.088,Low Risk,0
638,0,36,6,188455.19,1,0,0,47031.4,109537.015,0,4.01,True,False,False,0.534,High Risk,1
702,1,29,10,88378.6,1,1,0,88550.28,72754.384,0,1.0,True,False,False,0.187,Low Risk,0
742,1,21,1,114292.48,1,1,0,31520.4,66802.36,0,3.63,False,True,False,0.619,High Risk,0
731,0,43,2,0.0,1,1,1,170034.95,51410.485,1,0.0,True,False,False,0.354,Medium Risk,1
559,1,43,1,0.0,1,0,1,86634.3,26190.29,1,0.0,True,False,False,0.727,Critical Risk,0
607,0,36,10,106702.94,2,0,0,198313.69,114845.577,0,0.54,False,True,False,0.373,Medium Risk,0
547,0,55,4,111362.76,3,1,0,16922.28,61558.064,0,6.58,False,True,False,0.847,Critical Risk,1
652,1,36,1,0.0,2,1,1,19302.78,5990.834,2,0.0,False,False,True,0.106,Low Risk,0
604,1,34,7,0.0,2,1,0,193021.49,59306.44699999999,0,0.0,True,False,False,0.123,Low Risk,0
735,1,38,1,0.0,3,0,0,92220.12,27866.036,0,0.0,True,False,False,0.308,Medium Risk,1
545,0,45,6,93796.42,2,1,1,162321.26,96794.588,2,0.58,False,True,False,0.368,Medium Risk,0
506,0,28,8,53053.76,1,0,1,24577.34,35500.082,1,2.16,False,True,False,0.172,Low Risk,0
525,1,30,0,157989.21,2,1,1,100687.67,109200.906,2,1.57,False,True,False,0.143,Low Risk,0
620,1,33,9,127638.35,1,1,1,192717.57,123434.446,1,0.66,True,False,False,0.125,Low Risk,0
658,1,43,7,140260.36,2,1,0,2748.72,72354.79599999999,0,51.03,True,False,False,0.432,Medium Risk,0
526,1,32,6,131938.92,2,1,1,1795.93,67708.239,2,73.47,False,True,False,0.155,Low Risk,0
665,1,34,1,96645.54,2,0,0,171413.66,99946.868,0,0.56,True,False,False,0.183,Low Risk,0
529,0,28,9,0.0,2,1,1,52545.24,17563.572,2,0.0,True,False,False,0.019,Low Risk,0
543,1,31,2,147674.26,1,1,1,16658.76,79234.758,1,8.86,True,False,False,0.081,Low Risk,0
635,1,48,8,130796.33,2,1,1,43250.3,79973.255,2,3.02,True,False,False,0.209,Low Risk,0
631,0,38,7,0.0,2,1,0,181605.85,55881.755,0,0.0,False,False,True,0.099,Low Risk,0
625,0,22,9,0.0,2,1,0,157072.91,48921.873,0,0.0,True,False,False,0.123,Low Risk,0
764,0,30,5,0.0,2,0,1,105155.66,32546.698,2,0.0,True,False,False,0.024,Low Risk,0
569,0,36,1,67087.69,1,1,0,154775.7,80176.555,0,0.43,True,False,False,0.318,Medium Risk,0
667,0,31,5,0.0,2,1,1,20346.69,7104.007,2,0.0,False,False,True,0.041,Low Risk,0
643,1,34,7,160426.07,1,0,1,188533.11,138172.968,1,0.85,False,True,False,0.392,Medium Risk,0
683,0,38,7,109346.13,2,1,0,102665.92,86872.841,0,1.07,True,False,False,0.292,Low Risk,0
722,0,34,8,0.0,2,1,1,133447.49,41634.247,2,0.0,True,False,False,0.018,Low Risk,0
512,0,36,4,152169.12,2,0,0,38629.3,88473.35,0,3.94,True,False,False,0.233,Low Risk,1
422,0,54,3,140014.42,1,0,1,86350.97,96512.501,1,1.62,True,False,False,0.325,Medium Risk,0
619,1,33,3,100488.92,2,0,1,36446.74,61778.482,2,2.76,False,True,False,0.083,Low Risk,0
679,0,45,3,146758.24,1,1,0,48466.89,88519.18699999999,0,3.03,True,False,False,0.679,High Risk,0
581,0,46,2,79385.21,2,0,0,188492.82,96640.451,0,0.42,False,False,True,0.704,Critical Risk,0
586,1,60,3,47020.65,2,0,1,63241.21,43082.688,2,0.74,True,False,False,0.244,Low Risk,1
643,0,28,9,160858.13,2,1,0,27149.27,90373.846,0,5.92,False,True,False,0.281,Low Risk,0
351,1,57,4,163146.46,1,1,0,169621.69,133259.737,0,0.96,False,True,False,0.848,Critical Risk,1
670,1,33,7,0.0,2,1,1,88187.81,27856.343,2,0.0,True,False,False,0.032,Low Risk,0
599,0,33,4,51690.89,1,1,0,111622.76,60132.273,0,0.46,False,False,True,0.525,High Risk,1
700,0,46,5,95872.86,1,1,0,98273.01,78418.333,0,0.98,True,False,False,0.708,Critical Risk,1
797,0,45,8,0.0,1,0,0,125110.02,39133.006,0,0.0,True,False,False,0.787,Critical Risk,0
699,0,29,3,125689.29,1,1,1,151623.71,108931.758,1,0.83,True,False,False,0.089,Low Risk,0
680,0,32,7,175454.0,1,0,1,77349.92,112331.976,1,2.27,False,True,False,0.371,Medium Risk,0
678,1,27,5,87099.85,2,1,0,149550.95,89415.21,0,0.58,False,False,True,0.217,Low Risk,0
601,1,43,2,0.0,1,1,0,49713.87,15314.161,0,0.0,True,False,False,0.765,Critical Risk,1
701,1,39,9,0.0,2,1,1,110043.88,34813.164,2,0.0,False,False,True,0.029,Low Risk,0
652,1,40,7,100471.34,1,1,1,124550.88,89000.93400000001,1,0.81,False,False,True,0.196,Low Risk,0
622,0,43,8,0.0,2,1,0,100618.17,31785.451,0,0.0,True,False,False,0.313,Medium Risk,0
709,0,42,9,118546.71,1,0,1,77142.85,84216.21,1,1.54,True,False,False,0.225,Low Risk,0
710,1,41,9,149155.53,2,1,0,42131.26,89017.143,0,3.54,False,True,False,0.491,Medium Risk,1
541,0,34,3,128743.55,1,1,0,134851.12,105427.111,0,0.95,True,False,False,0.213,Low Risk,0
767,1,24,5,0.0,2,1,1,67445.85,21233.755,2,0.0,False,False,True,0.017,Low Risk,0
691,0,37,9,149405.18,1,1,1,146411.6,120426.07,1,1.02,True,False,False,0.105,Low Risk,0
756,0,32,0,109528.16,2,1,1,56176.31,71616.973,2,1.95,False,True,False,0.103,Low Risk,0
718,0,52,8,79475.3,3,1,1,32421.32,51064.046,3,2.45,True,False,False,0.785,Critical Risk,1
502,1,32,1,173340.83,1,0,1,122763.95,123699.6,1,1.41,False,True,False,0.27,Low Risk,0
732,0,42,9,108748.08,2,1,1,65323.11,75770.973,2,1.66,False,True,False,0.289,Low Risk,0
798,0,22,8,0.0,2,1,0,107615.43,33884.629,0,0.0,True,False,False,0.074,Low Risk,0
724,0,45,5,83888.54,1,0,1,34121.81,53180.813,1,2.46,False,False,True,0.393,Medium Risk,0
491,1,72,6,91285.22,1,1,1,7032.95,48952.495,1,12.98,True,False,False,0.163,Low Risk,0
749,1,60,6,0.0,1,1,0,17978.68,6593.604,0,0.0,True,False,False,0.915,Critical Risk,1
587,1,38,0,132122.42,2,0,0,31730.32,75580.30600000001,0,4.16,False,True,False,0.442,Medium Risk,0
559,1,31,1,139183.06,1,0,1,143360.56,112799.698,1,0.97,False,False,True,0.12,Low Risk,0
765,1,32,9,178095.55,1,0,0,47247.56,105022.043,0,3.77,False,False,True,0.414,Medium Risk,0
849,0,35,4,110837.73,1,0,0,126419.8,94144.805,0,0.88,True,False,False,0.222,Low Risk,0
641,0,37,7,0.0,2,1,0,75248.3,23974.49,0,0.0,True,False,False,0.096,Low Risk,0
475,0,39,6,0.0,1,1,1,56999.9,18299.97,1,0.0,True,False,False,0.322,Medium Risk,1
509,0,18,7,102983.91,1,1,0,171770.58,104423.129,0,0.6,True,False,False,0.192,Low Risk,0
505,1,45,9,131355.3,3,1,0,195395.33,126096.24899999998,0,0.67,False,False,True,0.633,High Risk,1
541,0,29,7,127504.57,1,0,0,86173.92,91004.461,0,1.48,True,False,False,0.25,Low Risk,0
646,0,38,7,0.0,2,1,0,1528.4,1858.52,0,0.0,True,False,False,0.097,Low Risk,0
666,0,39,10,0.0,2,1,0,102999.33,32899.799,0,0.0,True,False,False,0.114,Low Risk,0
850,1,24,6,0.0,2,1,1,13159.9,5147.969999999999,2,0.0,True,False,False,0.038,Low Risk,0
597,1,24,1,103219.47,1,1,0,60420.07,69935.756,0,1.71,True,False,False,0.195,Low Risk,0
529,0,38,7,99842.5,2,1,0,90256.06,78398.068,0,1.11,False,False,True,0.251,Low Risk,1
655,0,38,3,250898.09,3,0,1,81054.0,150365.245,3,3.1,False,False,True,0.786,Critical Risk,1
734,0,33,5,121898.58,1,1,0,61829.89,80498.257,0,1.97,False,True,False,0.686,High Risk,0
613,0,28,7,76656.4,2,1,1,185483.24,95373.172,2,0.41,False,True,False,0.065,Low Risk,0
669,1,33,8,0.0,2,0,1,128538.05,40161.415,2,0.0,False,False,True,0.04,Low Risk,0
627,1,35,7,0.0,1,1,0,187718.26,57715.478,0,0.0,False,False,True,0.475,Medium Risk,0
615,0,41,1,126773.43,1,1,1,55551.26,80252.093,1,2.28,False,False,True,0.196,Low Risk,0
622,0,41,2,127087.06,1,1,0,102402.91,94664.403,0,1.24,True,False,False,0.514,High Risk,1
624,0,36,6,0.0,2,0,0,84749.96,26624.988,0,0.0,True,False,False,0.159,Low Risk,0
663,0,24,7,0.0,2,1,1,166310.82,51293.246,2,0.0,True,False,False,0.022,Low Risk,0
601,1,47,1,142802.02,1,1,1,57553.02,88866.916,1,2.48,False,True,False,0.6,High Risk,0
644,0,35,5,161591.11,3,1,1,63795.62,100934.241,3,2.53,False,True,False,0.828,Critical Risk,0
563,1,42,6,99056.22,2,1,0,154347.95,97032.495,0,0.64,False,False,True,0.423,Medium Risk,1
750,1,35,3,0.0,1,1,0,191520.5,58056.15,0,0.0,True,False,False,0.525,High Risk,0
629,1,49,4,0.0,2,1,1,196335.48,59700.644,2,0.0,True,False,False,0.173,Low Risk,0
570,0,38,1,127201.58,1,1,0,147168.28,107951.274,0,0.86,False,True,False,0.699,High Risk,1
850,0,27,1,101278.25,2,1,1,26265.18,58718.679,2,3.86,False,True,False,0.062,Low Risk,0
633,0,50,7,88302.65,1,1,1,195937.16,104332.473,1,0.45,False,True,False,0.457,Medium Risk,0
762,0,29,10,115545.33,2,1,0,148256.43,104249.594,0,0.78,False,False,True,0.161,Low Risk,0
445,1,30,3,0.0,2,1,1,127939.19,38981.757,2,0.0,True,False,False,0.029,Low Risk,0
614,1,41,3,123475.04,1,1,1,179227.52,116105.77599999998,1,0.69,True,False,False,0.235,Low Risk,0
658,0,44,2,168396.34,1,1,1,14178.73,88851.789,1,11.88,True,False,False,0.299,Low Risk,0
549,1,34,4,0.0,2,0,0,139463.57,42639.071,0,0.0,True,False,False,0.1,Low Risk,0
594,1,34,7,141525.55,1,0,0,9443.15,74995.72,0,14.99,True,False,False,0.274,Low Risk,0
742,1,44,8,107926.02,1,0,1,17375.27,60775.591,1,6.21,False,True,False,0.757,Critical Risk,1
411,1,36,10,0.0,1,0,0,120694.35,38208.305,0,0.0,True,False,False,0.57,High Risk,0
746,0,24,10,68781.82,1,0,1,47997.39,50790.127,1,1.43,False,False,True,0.146,Low Risk,0
706,0,42,9,0.0,2,1,1,28714.34,10414.302,2,0.0,False,False,True,0.085,Low Risk,0
607,1,27,2,0.0,2,1,0,63495.86,19448.758,0,0.0,True,False,False,0.089,Low Risk,0
615,0,32,1,0.0,2,0,0,2139.25,841.775,0,0.0,True,False,False,0.162,Low Risk,0
488,1,33,4,140002.35,1,1,0,123613.81,107885.318,0,1.13,False,True,False,0.476,Medium Risk,0
764,0,34,6,108760.27,2,1,0,166324.79,105477.572,0,0.65,False,True,False,0.373,Medium Risk,1
622,1,47,6,142319.03,1,0,0,100183.05,102414.43,0,1.42,False,False,True,0.778,Critical Risk,0
709,1,32,7,0.0,2,1,1,199418.02,61225.406,2,0.0,True,False,False,0.036,Low Risk,0
540,1,35,7,128369.75,2,1,0,198256.15,125061.72,0,0.65,False,True,False,0.3,Medium Risk,0
544,1,26,6,0.0,1,1,0,100200.4,31260.119999999995,0,0.0,True,False,False,0.332,Medium Risk,1
850,1,25,8,69385.17,2,1,0,87834.24,62642.857,0,0.79,False,True,False,0.13,Low Risk,0
582,1,32,1,116409.55,1,0,1,152790.92,104242.051,1,0.76,True,False,False,0.1,Low Risk,0
537,1,47,6,103163.35,1,1,0,16259.64,57659.567,0,6.34,False,True,False,0.879,Critical Risk,1
613,0,44,9,100524.69,1,1,1,47298.95,66252.03,1,2.13,False,False,True,0.189,Low Risk,0
562,0,36,6,0.0,2,1,0,32845.32,11053.596,0,0.0,True,False,False,0.076,Low Risk,0
754,0,39,3,74896.33,1,0,0,34430.16,48377.213,0,2.18,True,False,False,0.48,Medium Risk,0
470,1,31,2,101675.22,2,1,0,45033.75,64747.735,0,2.26,False,False,True,0.242,Low Risk,0
672,1,34,1,142151.75,2,1,1,168753.34,121901.877,2,0.84,True,False,False,0.076,Low Risk,0
663,0,22,6,0.0,2,0,1,131827.15,40748.145,2,0.0,True,False,False,0.026,Low Risk,0
573,0,44,9,0.0,2,1,0,107124.17,33937.251,0,0.0,False,False,True,0.256,Low Risk,0
698,1,40,0,92053.44,1,1,1,143681.83,89131.269,1,0.64,False,False,True,0.235,Low Risk,0
519,0,34,5,0.0,1,1,0,68479.6,21543.88,0,0.0,True,False,False,0.452,Medium Risk,0
584,0,32,5,0.0,2,1,0,10956.82,4287.046,0,0.0,False,False,True,0.06,Low Risk,0
850,1,32,7,0.0,2,0,0,155227.0,47968.1,0,0.0,True,False,False,0.084,Low Risk,0
774,0,49,1,142767.39,1,1,1,8214.41,74048.01800000001,1,17.38,True,False,False,0.31,Medium Risk,0
594,1,23,4,104753.84,2,1,0,56756.52,70203.87599999999,0,1.85,False,True,False,0.339,Medium Risk,1
701,0,38,3,125385.49,2,0,1,52044.66,78906.14300000001,2,2.41,False,True,False,0.255,Low Risk,0
597,1,40,9,106756.01,2,1,0,151167.94,100528.387,0,0.71,False,True,False,0.491,Medium Risk,0
695,0,46,4,0.0,2,1,1,137537.22,42061.166,2,0.0,True,False,False,0.085,Low Risk,0
574,0,36,4,77967.5,1,1,0,167066.95,89903.83499999999,0,0.47,False,False,True,0.418,Medium Risk,1
634,0,45,9,0.0,2,0,0,17622.82,7086.846,0,0.0,True,False,False,0.307,Medium Risk,0
650,0,32,2,84906.45,1,1,0,163216.48,91818.169,0,0.52,True,False,False,0.211,Low Risk,0
685,0,40,2,168001.34,2,1,1,167400.29,134620.75699999998,2,1.0,True,False,False,0.169,Low Risk,0
682,1,58,1,0.0,1,1,1,706.5,411.95,1,0.0,True,False,False,0.57,High Risk,0
669,0,37,4,0.0,1,1,0,132540.33,40562.099,0,0.0,True,False,False,0.57,High Risk,0
839,1,33,10,75592.43,1,1,0,62674.42,58598.541,0,1.21,False,False,True,0.188,Low Risk,0
450,0,29,7,117199.8,1,1,1,43480.63,73044.089,1,2.7,True,False,False,0.061,Low Risk,0
850,0,42,6,84445.68,3,0,1,60021.34,61429.242,3,1.41,False,True,False,0.758,Critical Risk,1
527,0,31,4,0.0,1,1,0,169361.89,51608.567,0,0.0,True,False,False,0.517,High Risk,0
792,0,34,1,0.0,1,0,1,86330.32,26099.096,1,0.0,True,False,False,0.297,Low Risk,0
531,1,42,2,0.0,2,0,1,90537.47,27561.241,2,0.0,True,False,False,0.15,Low Risk,0
535,0,37,3,175534.78,2,1,1,9241.52,91139.846,2,18.99,False,False,True,0.138,Low Risk,0
751,0,29,1,135536.5,1,1,0,66825.33,88015.849,0,2.03,True,False,False,0.295,Low Risk,0
556,1,51,8,61354.14,1,1,0,198810.65,91920.26499999998,0,0.31,True,False,False,0.818,Critical Risk,1
584,1,37,10,134171.8,4,1,1,70927.11,90364.033,4,1.89,False,True,False,0.875,Critical Risk,1
763,1,35,7,115651.6,2,1,1,104706.29,90637.687,2,1.1,True,False,False,0.056,Low Risk,0
652,0,36,9,150956.71,1,0,0,72350.17,98983.406,0,2.09,False,True,False,0.625,High Risk,0
436,0,43,5,0.0,2,1,1,35687.43,11706.229,2,0.0,False,False,True,0.098,Low Risk,0
646,0,52,8,59669.43,1,0,0,172495.81,83183.458,0,0.35,True,False,False,0.911,Critical Risk,1
694,0,31,4,141989.27,2,1,0,26116.82,79629.681,0,5.44,False,True,False,0.324,Medium Risk,0
608,0,45,4,0.0,2,0,0,36697.48,11809.244,0,0.0,False,False,True,0.301,Medium Risk,1
558,0,27,1,152283.39,1,1,0,183271.15,131323.04,0,0.83,True,False,False,0.297,Low Risk,0
679,0,40,1,0.0,1,1,1,16897.19,5269.156999999999,1,0.0,True,False,False,0.446,Medium Risk,0
577,1,35,10,0.0,2,1,1,25161.61,9548.483,2,0.0,True,False,False,0.089,Low Risk,0
683,1,32,9,0.0,2,1,1,24991.92,9297.576,2,0.0,True,False,False,0.035,Low Risk,0
591,0,29,1,97541.24,1,1,1,196356.17,107877.471,1,0.5,False,False,True,0.122,Low Risk,0
636,0,45,3,0.0,2,1,1,159463.8,48439.13999999999,2,0.0,False,False,True,0.127,Low Risk,0
708,1,64,5,0.0,3,0,1,112520.07,34756.021,3,0.0,False,False,True,0.535,High Risk,1
699,0,34,4,185173.81,2,1,0,120834.48,129637.249,0,1.53,False,True,False,0.204,Low Risk,0
707,1,31,2,82787.93,2,0,0,91423.69,69221.072,0,0.91,True,False,False,0.164,Low Risk,0
597,1,33,6,135703.59,2,0,0,74850.84,91507.047,0,1.81,True,False,False,0.204,Low Risk,0
609,0,26,7,0.0,2,1,0,98463.99,30939.197,0,0.0,True,False,False,0.091,Low Risk,0
522,1,25,5,94049.92,2,1,0,103269.0,79005.66,0,0.91,False,True,False,0.198,Low Risk,0
596,0,39,9,0.0,1,1,0,48963.59,16489.076999999997,0,0.0,True,False,False,0.385,Medium Risk,0
591,1,56,9,128882.49,1,1,1,196241.94,125113.827,1,0.66,True,False,False,0.26,Low Risk,1
654,1,36,5,0.0,2,0,0,157238.05,48171.41499999999,0,0.0,False,False,True,0.145,Low Risk,0
649,0,20,5,0.0,2,1,1,58309.54,18492.862,2,0.0,False,False,True,0.021,Low Risk,0
640,1,29,4,0.0,2,1,0,44904.26,14271.278,0,0.0,True,False,False,0.063,Low Risk,0
600,1,39,5,0.0,2,0,0,118272.07,36481.621,0,0.0,True,False,False,0.192,Low Risk,0
631,0,32,10,0.0,2,0,1,196342.66,60902.798,2,0.0,True,False,False,0.029,Low Risk,0
850,0,44,2,112755.34,2,0,0,158171.36,104229.078,0,0.71,False,True,False,0.564,High Risk,0
556,1,43,6,0.0,3,0,0,125154.57,38746.371,0,0.0,True,False,False,0.7,Critical Risk,1
717,1,49,1,110864.38,2,1,1,124532.9,92992.06,2,0.89,False,False,True,0.254,Low Risk,1
758,0,61,2,0.0,2,1,1,43982.41,13594.723,2,0.0,False,False,True,0.042,Low Risk,0
515,0,40,10,121355.99,1,1,0,138360.29,104186.082,0,0.88,False,False,True,0.347,Medium Risk,0
649,1,37,8,114737.26,1,1,1,106655.88,90965.394,1,1.08,False,True,False,0.43,Medium Risk,1
566,0,36,1,142120.91,1,1,0,79616.37,95145.366,0,1.79,True,False,False,0.286,Low Risk,0
760,1,34,6,58003.41,1,1,0,90346.1,57305.535,0,0.64,False,True,False,0.356,Medium Risk,0
662,0,37,5,94901.09,1,1,1,48233.75,62920.67,1,1.97,False,False,True,0.102,Low Risk,0
559,1,27,1,0.0,1,0,1,1050.33,515.0989999999999,1,0.0,False,False,True,0.382,Medium Risk,0
605,0,19,8,166133.28,1,1,1,107994.99,117065.137,1,1.54,False,True,False,0.193,Low Risk,0
646,0,32,1,0.0,2,1,0,183289.22,55186.766,0,0.0,False,False,True,0.134,Low Risk,0
753,1,38,6,142263.45,1,0,1,33730.43,82450.854,1,4.22,True,False,False,0.167,Low Risk,0
696,1,36,3,0.0,3,1,0,65039.9,20111.97,0,0.0,False,False,True,0.251,Low Risk,0
521,0,22,5,0.0,2,1,1,99828.45,30948.535,2,0.0,True,False,False,0.029,Low Risk,0
632,0,27,4,193125.85,1,1,1,152665.85,143162.68,1,1.27,True,False,False,0.281,Low Risk,0
706,0,18,2,176139.5,2,1,0,129654.22,127366.016,0,1.36,True,False,False,0.366,Medium Risk,0
821,1,38,8,0.0,2,0,1,126241.4,39472.42,2,0.0,False,False,True,0.023,Low Risk,1
620,0,44,8,0.0,2,1,1,15627.51,6288.253,2,0.0,False,False,True,0.1,Low Risk,0
648,1,37,7,138503.51,2,1,0,57215.85,87816.51000000001,0,2.42,False,True,False,0.39,Medium Risk,0
428,1,62,1,107735.93,1,0,1,58381.77,71582.496,1,1.85,True,False,False,0.245,Low Risk,0
542,1,59,2,68892.77,2,1,0,7905.06,37217.903000000006,0,8.72,True,False,False,0.616,High Risk,1
504,0,40,5,0.0,2,0,0,146703.36,45011.008,0,0.0,False,False,True,0.194,Low Risk,0
817,0,44,8,0.0,1,0,0,65501.91,21250.573,0,0.0,True,False,False,0.747,Critical Risk,1
696,1,66,7,119499.42,2,1,1,174027.3,113357.9,2,0.69,False,True,False,0.38,Medium Risk,0
529,0,32,9,147493.89,1,1,0,33656.35,85643.85,0,4.38,True,False,False,0.181,Low Risk,0
540,0,25,5,116160.23,1,1,0,13411.67,63103.616,0,8.66,True,False,False,0.229,Low Risk,0
616,0,23,8,73112.95,1,1,1,62733.05,56976.39,1,1.17,True,False,False,0.105,Low Risk,0
696,1,31,8,122021.92,2,1,0,33828.64,72759.552,0,3.61,False,True,False,0.302,Medium Risk,0
596,0,36,2,0.0,2,0,1,125557.95,38067.385,2,0.0,False,False,True,0.05,Low Risk,0
632,1,27,3,107375.82,1,1,1,62703.38,73098.924,1,1.71,True,False,False,0.076,Low Risk,0
814,0,29,8,97086.4,2,1,1,197276.13,109326.039,2,0.49,False,True,False,0.083,Low Risk,0
750,1,34,9,112822.26,1,0,0,150401.53,103331.589,0,0.75,False,False,True,0.265,Low Risk,1
595,1,53,7,0.0,2,1,0,41371.68,13811.504,0,0.0,True,False,False,0.531,High Risk,1
646,1,45,3,47134.75,1,1,1,57236.44,41338.307,1,0.82,True,False,False,0.412,Medium Risk,0
747,1,32,5,67495.04,2,0,1,77370.37,57958.631,2,0.87,False,True,False,0.069,Low Risk,0
646,0,26,4,139848.17,1,1,0,164696.27,120132.966,0,0.85,True,False,False,0.243,Low Risk,0
678,0,36,3,145747.67,2,0,1,89566.74,100343.857,2,1.63,False,True,False,0.164,Low Risk,0
554,0,26,8,149134.46,1,1,1,177966.24,129557.10199999998,1,0.84,False,False,True,0.13,Low Risk,0
655,0,24,9,107065.31,1,1,1,51959.82,70920.601,1,2.06,True,False,False,0.062,Low Risk,0
794,0,38,9,179581.31,1,1,0,23596.24,98669.527,0,7.61,False,False,True,0.384,Medium Risk,0
727,0,59,5,152581.06,1,1,0,71830.1,98839.56,0,2.12,False,True,False,0.909,Critical Risk,1
677,1,58,1,90022.85,1,0,1,2988.28,46107.909,1,30.13,True,False,False,0.369,Medium Risk,0
616,0,29,8,149318.55,1,1,0,140746.13,118483.114,0,1.06,False,True,False,0.521,High Risk,0
595,1,32,0,92466.21,1,1,0,4721.3,47649.495,0,19.58,False,True,False,0.532,High Risk,0
723,1,28,5,91938.31,1,1,0,143481.85,90013.70999999999,0,0.64,False,True,False,0.418,Medium Risk,0
815,0,37,2,110777.26,2,1,0,2383.59,56503.707,0,46.47,False,True,False,0.376,Medium Risk,0
790,1,26,4,141581.71,2,0,0,98309.27,101083.636,0,1.44,True,False,False,0.181,Low Risk,0
663,1,37,8,155303.71,1,1,0,118716.63,114866.844,0,1.31,False,True,False,0.509,High Risk,0
542,1,42,1,0.0,1,1,1,178256.58,53676.974,1,0.0,True,False,False,0.411,Medium Risk,1
712,0,45,6,112994.65,1,0,0,198398.68,117216.929,0,0.57,False,False,True,0.658,High Risk,0
787,1,42,2,74483.97,2,0,1,44273.91,50924.158,2,1.68,False,True,False,0.21,Low Risk,0
850,0,62,5,0.0,2,1,1,180243.56,55073.068,2,0.0,False,False,True,0.102,Low Risk,0
483,1,50,9,0.0,2,1,1,111020.24,35106.072,2,0.0,True,False,False,0.16,Low Risk,0
704,0,36,8,127397.34,1,1,0,151335.24,110699.242,0,0.84,False,False,True,0.304,Medium Risk,0
716,1,29,10,87946.39,1,1,1,182531.74,100732.717,1,0.48,True,False,False,0.114,Low Risk,0
597,1,26,8,149989.39,1,1,0,42330.58,89293.869,0,3.54,True,False,False,0.168,Low Risk,0
748,0,44,2,92911.52,1,0,1,85495.24,72504.332,1,1.09,True,False,False,0.369,Medium Risk,0
850,0,33,10,0.0,1,1,0,4861.72,3458.516,0,0.0,True,False,False,0.343,Medium Risk,1
648,0,55,1,81370.07,1,0,1,181534.04,95345.247,1,0.45,False,False,True,0.398,Medium Risk,0
578,0,50,5,151215.34,2,1,0,169804.4,127548.99,0,0.89,True,False,False,0.758,Critical Risk,0
607,1,37,4,135927.06,1,0,0,180890.4,123030.65,0,0.75,False,True,False,0.711,Critical Risk,0
850,0,41,8,132838.07,1,1,1,175347.28,120623.219,1,0.76,False,False,True,0.144,Low Risk,0
509,0,35,8,0.0,2,0,1,67431.28,21829.384,2,0.0,True,False,False,0.023,Low Risk,0
465,0,41,9,117221.15,1,1,0,168280.95,110894.86,0,0.7,True,False,False,0.504,High Risk,0
710,0,40,5,0.0,2,0,0,162878.96,49863.688,0,0.0,True,False,False,0.267,Low Risk,0
591,1,39,3,0.0,3,1,0,140469.38,42740.814,0,0.0,False,False,True,0.434,Medium Risk,1
728,1,46,2,109705.52,1,1,0,20276.87,61335.821,0,5.41,True,False,False,0.677,High Risk,1
492,0,45,9,170295.04,2,0,0,164741.81,136370.063,0,1.03,False,True,False,0.55,High Risk,0
616,1,36,10,78249.53,1,1,0,136934.91,82205.238,0,0.57,False,True,False,0.32,Medium Risk,0
646,0,24,8,0.0,2,0,0,92612.88,29383.864,0,0.0,True,False,False,0.104,Low Risk,0
779,0,71,3,0.0,2,1,1,146895.36,44668.60799999999,2,0.0,True,False,False,0.039,Low Risk,1
683,1,39,2,100062.16,2,1,0,109201.43,83191.50899999999,0,0.92,False,True,False,0.467,Medium Risk,0
463,1,35,2,0.0,2,1,1,1950.93,985.279,2,0.0,False,False,True,0.062,Low Risk,0
736,1,63,10,0.0,2,0,1,502.7,2150.81,2,0.0,True,False,False,0.11,Low Risk,0
640,0,63,2,68432.45,2,1,1,112503.24,68367.197,2,0.61,True,False,False,0.208,Low Risk,1
670,1,33,9,84521.48,2,0,1,198017.05,103465.85499999998,2,0.43,False,True,False,0.045,Low Risk,0
549,0,31,4,0.0,2,0,1,25684.85,8505.454999999998,2,0.0,True,False,False,0.022,Low Risk,0
579,0,39,5,0.0,2,0,1,39891.84,12967.551999999998,2,0.0,True,False,False,0.058,Low Risk,0
594,1,49,4,0.0,2,1,1,23631.55,7889.464999999999,2,0.0,True,False,False,0.129,Low Risk,0
515,1,25,7,79543.59,1,0,1,38772.82,52803.641,1,2.05,True,False,False,0.082,Low Risk,0
593,1,46,2,76597.79,1,1,1,54453.72,55035.011,1,1.41,False,False,True,0.316,Medium Risk,0
750,1,26,1,151510.17,2,1,1,19921.72,81931.60100000001,2,7.61,True,False,False,0.076,Low Risk,0
526,0,30,8,0.0,1,1,0,36251.0,12475.3,0,0.0,False,False,True,0.379,Medium Risk,0
506,0,59,8,119152.1,2,1,1,170679.74,112379.972,2,0.7,False,True,False,0.408,Medium Risk,0
607,0,34,9,132439.99,1,1,0,177747.72,121344.311,0,0.75,False,False,True,0.295,Low Risk,0
708,1,67,1,0.0,2,0,1,3837.08,1351.124,2,0.0,True,False,False,0.083,Low Risk,0
683,0,34,9,114609.55,2,0,1,25339.29,66706.562,2,4.52,False,False,True,0.094,Low Risk,0
730,1,41,4,167545.32,1,1,0,128246.81,123046.703,0,1.31,True,False,False,0.602,High Risk,0
551,1,45,6,0.0,2,1,1,51143.43,16543.029,2,0.0,True,False,False,0.09,Low Risk,0
530,0,37,8,0.0,2,1,1,287.99,1686.397,2,0.0,True,False,False,0.091,Low Risk,0
786,1,33,0,83036.05,1,0,1,154990.58,88015.199,1,0.54,True,False,False,0.124,Low Risk,1
574,0,30,5,120355.0,1,1,0,137793.35,102515.505,0,0.87,False,False,True,0.299,Low Risk,0
723,1,40,7,142856.95,2,0,0,38019.74,84234.397,0,3.76,True,False,False,0.405,Medium Risk,0
543,0,37,3,0.0,2,1,1,78915.68,24274.704,2,0.0,False,False,True,0.032,Low Risk,0
807,1,31,1,141069.18,3,1,1,194257.11,129011.723,3,0.73,False,True,False,0.51,High Risk,0
598,0,27,8,90721.52,2,1,0,109296.18,79749.614,0,0.83,False,False,True,0.187,Low Risk,0
604,1,28,6,0.0,2,1,1,69056.26,21916.878,2,0.0,False,False,True,0.023,Low Risk,0
780,1,26,3,140356.7,1,1,0,117144.15,105921.595,0,1.2,True,False,False,0.208,Low Risk,0
453,1,28,3,139986.65,1,1,0,136846.75,111647.35,0,1.02,False,True,False,0.438,Medium Risk,0
569,1,42,9,146100.75,1,1,0,32574.01,84622.578,0,4.49,False,True,False,0.787,Critical Risk,1
768,1,36,3,141334.95,1,0,1,125870.5,109028.625,1,1.12,True,False,False,0.129,Low Risk,0
723,0,34,5,0.0,2,0,1,12092.03,4627.609,2,0.0,True,False,False,0.026,Low Risk,0
604,1,53,2,121389.78,1,1,1,48201.64,75555.382,1,2.52,True,False,False,0.318,Medium Risk,1
594,0,28,0,142574.71,2,1,0,129084.82,110012.801,0,1.1,False,True,False,0.32,Medium Risk,0
675,1,61,5,62055.17,3,1,0,166305.16,81919.133,0,0.37,True,False,False,0.86,Critical Risk,1
654,0,37,2,145610.07,2,0,0,186300.59,129095.212,0,0.78,False,True,False,0.423,Medium Risk,0
566,0,63,2,120787.18,2,1,1,52198.84,76453.242,2,2.31,False,False,True,0.145,Low Risk,0
596,0,37,2,0.0,1,0,1,121175.86,36752.758,1,0.0,True,False,False,0.52,High Risk,0
616,0,30,2,0.0,2,1,0,199099.51,60129.853,0,0.0,False,False,True,0.157,Low Risk,0
731,0,33,1,0.0,1,1,0,130726.96,39418.088,0,0.0,False,False,True,0.567,High Risk,0
727,0,46,3,115248.11,4,1,0,130752.01,97449.658,0,0.88,False,True,False,0.91,Critical Risk,1
561,1,28,3,0.0,2,1,0,191387.76,58016.328,0,0.0,False,False,True,0.075,Low Risk,0
651,1,25,8,0.0,2,1,1,126761.2,39628.36,2,0.0,True,False,False,0.026,Low Risk,0
599,1,41,2,91328.71,1,1,0,115724.78,80781.789,0,0.79,True,False,False,0.493,Medium Risk,0
587,0,41,8,85109.21,1,1,0,1557.82,44621.951,0,54.63,False,False,True,0.543,High Risk,0
686,1,38,2,93569.86,3,0,0,10137.34,50226.132,0,9.23,False,True,False,0.69,High Risk,1
724,0,34,6,118235.7,2,0,0,157137.23,107459.019,0,0.75,False,True,False,0.445,Medium Risk,0
720,0,21,2,123200.78,1,1,1,180712.28,116214.074,1,0.68,False,False,True,0.089,Low Risk,0
806,0,48,4,164701.68,1,1,1,21439.49,89582.68699999999,1,7.68,True,False,False,0.256,Low Risk,0
769,0,29,4,145471.37,1,1,0,188382.77,130050.516,0,0.77,True,False,False,0.272,Low Risk,0
613,0,37,9,108286.5,1,1,1,114153.44,90189.282,1,0.95,True,False,False,0.102,Low Risk,0
591,1,38,2,142289.28,1,0,1,119638.85,107436.295,1,1.19,True,False,False,0.153,Low Risk,0
807,0,35,3,174790.15,1,1,1,600.36,88175.18299999999,1,291.14,True,False,False,0.139,Low Risk,0
655,1,61,2,183997.7,2,1,1,161217.18,140764.00400000002,2,1.14,False,True,False,0.212,Low Risk,0
553,1,39,1,142876.98,2,1,0,44363.42,84947.516,0,3.22,False,False,True,0.251,Low Risk,0
669,0,50,4,149713.61,3,1,1,124872.42,113118.531,3,1.2,True,False,False,0.882,Critical Risk,1
635,0,41,4,103544.88,2,1,0,193746.55,110696.405,0,0.53,True,False,False,0.383,Medium Risk,0
749,0,37,7,0.0,2,1,0,20306.79,7492.037,0,0.0,True,False,False,0.07,Low Risk,0
691,0,26,9,136623.19,1,1,0,153228.0,116079.995,0,0.89,True,False,False,0.186,Low Risk,0
589,1,21,3,0.0,2,0,1,55601.44,17280.432,2,0.0,True,False,False,0.036,Low Risk,0
778,1,33,9,151772.63,2,0,0,180249.94,131761.297,0,0.84,True,False,False,0.27,Low Risk,1
541,1,32,4,0.0,1,1,1,114951.42,35285.426,1,0.0,True,False,False,0.158,Low Risk,0
758,1,50,2,95813.76,3,1,1,67944.09,68690.10699999999,3,1.41,True,False,False,0.88,Critical Risk,1
559,1,29,3,79715.36,1,1,0,82252.28,65133.364,0,0.97,True,False,False,0.218,Low Risk,0
690,1,42,5,0.0,2,0,1,120512.08,37153.624,2,0.0,True,False,False,0.118,Low Risk,0
846,1,34,10,142388.61,2,0,1,68393.64,93712.397,2,2.08,True,False,False,0.061,Low Risk,1
567,0,40,4,118628.8,1,0,0,91973.63,87706.489,0,1.29,False,False,True,0.476,Medium Risk,0
486,1,40,9,71340.09,1,1,0,76192.21,60327.708,0,0.94,False,True,False,0.542,High Risk,0
707,1,48,7,105086.74,1,1,1,180344.69,108046.777,1,0.58,False,True,False,0.642,High Risk,1
581,1,47,1,122949.14,1,0,0,180251.68,115750.074,0,0.68,True,False,False,0.795,Critical Risk,1
460,1,40,6,119507.58,2,1,0,91560.63,88421.979,0,1.31,False,True,False,0.481,Medium Risk,1
607,0,40,1,112544.45,1,1,1,19842.22,62424.891,1,5.67,False,False,True,0.197,Low Risk,0
701,1,35,9,0.0,2,0,0,170996.86,53099.058,0,0.0,False,False,True,0.157,Low Risk,0
600,1,32,7,98877.95,1,1,0,132973.21,90730.938,0,0.74,True,False,False,0.183,Low Risk,0
426,0,34,9,0.0,2,1,0,107876.91,34163.073000000004,0,0.0,True,False,False,0.075,Low Risk,0
787,1,39,7,171646.76,1,0,1,100791.36,117460.788,1,1.7,False,False,True,0.181,Low Risk,0
666,1,59,8,152614.51,2,1,1,188782.3,134541.945,2,0.81,False,True,False,0.291,Low Risk,0
735,0,44,9,120681.63,1,1,0,74836.34,84591.717,0,1.61,True,False,False,0.513,High Risk,0
711,0,32,5,0.0,2,1,1,147720.27,45316.081,2,0.0,False,False,True,0.02,Low Risk,0
709,1,39,9,124723.92,1,1,0,73641.86,86254.518,0,1.69,False,True,False,0.708,Critical Risk,0
746,1,24,4,0.0,1,0,1,94105.0,29031.5,1,0.0,True,False,False,0.273,Low Risk,0
809,0,33,8,148055.74,1,0,0,199203.21,135388.83299999998,0,0.74,False,True,False,0.521,High Risk,0
596,0,20,3,187294.46,1,1,0,103456.47,125284.171,0,1.81,False,False,True,0.488,Medium Risk,0
605,1,36,6,0.0,1,0,1,690.84,1407.252,1,0.0,True,False,False,0.42,Medium Risk,0
614,0,50,4,137104.47,1,1,0,127166.49,107502.182,0,1.08,True,False,False,0.79,Critical Risk,1
741,0,52,1,171236.3,2,0,0,21834.4,92368.47,0,7.84,True,False,False,0.752,Critical Risk,1
635,0,41,1,0.0,2,1,0,175611.5,52883.45,0,0.0,False,False,True,0.193,Low Risk,0
769,0,43,4,110182.54,2,1,1,87537.32,82152.466,2,1.26,False,True,False,0.354,Medium Risk,0
636,0,37,1,115137.26,1,1,0,52484.01,73513.833,0,2.19,False,False,True,0.355,Medium Risk,0
738,0,54,4,0.0,1,0,1,55725.04,17517.512,1,0.0,True,False,False,0.701,Critical Risk,1
577,0,43,6,0.0,2,1,1,149457.81,46037.343,2,0.0,False,False,True,0.077,Low Risk,0
688,0,26,1,0.0,2,1,1,104435.94,31530.782,2,0.0,True,False,False,0.024,Low Risk,0
586,1,56,9,100781.75,2,1,1,54448.41,68525.398,2,1.85,False,True,False,0.4,Medium Risk,0
637,0,33,2,145731.83,1,0,1,109219.43,106031.744,1,1.33,True,False,False,0.116,Low Risk,0
527,1,25,6,0.0,2,0,1,96758.58,30227.574,2,0.0,True,False,False,0.03,Low Risk,0
797,0,37,4,75263.7,1,1,0,85801.77,64172.381,0,0.88,True,False,False,0.303,Medium Risk,0
605,0,27,9,0.0,2,1,0,198091.81,61227.543,0,0.0,True,False,False,0.134,Low Risk,0
530,0,25,9,162560.32,1,1,0,64129.03,102318.869,0,2.53,True,False,False,0.172,Low Risk,0
540,1,31,10,118158.74,1,1,1,158027.57,108487.641,1,0.75,False,False,True,0.12,Low Risk,0
743,0,45,7,157332.26,1,1,0,125424.42,117693.456,0,1.25,False,False,True,0.691,High Risk,0
622,1,58,7,116922.25,1,1,0,120415.61,95985.808,0,0.97,False,True,False,0.918,Critical Risk,1
759,1,45,8,0.0,2,1,1,99251.24,31375.372,2,0.0,True,False,False,0.087,Low Risk,0
669,0,57,5,0.0,2,1,1,56875.76,18062.728,2,0.0,True,False,False,0.071,Low Risk,0
693,0,31,2,0.0,2,1,1,107759.31,32727.793,2,0.0,True,False,False,0.041,Low Risk,0
583,0,59,7,127450.14,1,0,1,67552.71,85390.883,1,1.89,True,False,False,0.222,Low Risk,0
581,0,71,4,0.0,2,1,1,197562.08,60068.624,2,0.0,True,False,False,0.105,Low Risk,0
601,0,38,4,60013.81,1,1,1,38020.05,42212.92,1,1.58,True,False,False,0.238,Low Risk,0
607,1,48,4,112070.86,3,1,0,173568.3,108905.92,0,0.65,True,False,False,0.805,Critical Risk,1
741,0,32,5,0.0,1,1,1,64839.23,20451.769,1,0.0,True,False,False,0.159,Low Risk,0
558,0,32,4,108235.91,1,1,1,143783.28,98052.939,1,0.75,False,True,False,0.231,Low Risk,0
386,1,53,1,131955.07,1,1,1,62514.65,84931.93000000001,1,2.11,False,False,True,0.408,Medium Risk,1
491,0,26,4,102251.14,1,1,1,145900.89,95695.837,1,0.7,False,True,False,0.167,Low Risk,0
443,0,50,3,117206.3,1,1,0,42840.18,72055.204,0,2.74,False,True,False,0.886,Critical Risk,1
586,0,38,2,136858.42,1,0,1,189143.94,125572.392,1,0.72,False,True,False,0.465,Medium Risk,0
616,1,43,3,120867.18,1,1,0,18761.92,66662.166,0,6.44,False,False,True,0.495,Medium Risk,1
615,0,59,8,0.0,2,1,1,165576.55,51272.965,2,0.0,True,False,False,0.111,Low Risk,0
597,0,45,7,0.0,2,0,0,167756.45,51726.935000000005,0,0.0,True,False,False,0.414,Medium Risk,0
515,0,41,8,0.0,2,1,1,185054.14,57116.242000000006,2,0.0,True,False,False,0.136,Low Risk,0
696,1,30,0,0.0,2,1,1,9002.8,2700.84,2,0.0,False,False,True,0.159,Low Risk,0
540,0,48,2,109349.29,1,1,0,88703.04,81685.557,0,1.23,True,False,False,0.729,Critical Risk,1
691,1,31,5,40915.55,1,1,0,126213.84,59321.927,0,0.32,True,False,False,0.529,High Risk,1
706,1,23,5,0.0,1,0,0,164128.41,50238.523,0,0.0,True,False,False,0.492,Medium Risk,1
802,0,40,5,0.0,2,1,1,175043.69,53513.107,2,0.0,False,False,True,0.042,Low Risk,0
685,0,23,5,164902.43,1,0,0,141152.28,125796.899,0,1.17,False,False,True,0.49,Medium Risk,0
601,1,41,1,0.0,2,0,1,160607.06,48382.118,2,0.0,True,False,False,0.137,Low Risk,0
850,1,29,1,0.0,2,1,1,197996.65,59598.995,2,0.0,False,False,True,0.035,Low Risk,0
655,1,27,9,0.0,2,0,0,108008.05,34202.415,0,0.0,False,False,True,0.063,Low Risk,0
642,0,18,5,111183.53,2,0,1,10063.75,59610.89,2,11.05,False,True,False,0.195,Low Risk,0
536,1,35,8,0.0,1,1,0,171840.24,53152.07199999999,0,0.0,True,False,False,0.5,High Risk,1
667,1,33,4,127076.68,2,1,0,69011.66,85041.83799999999,0,1.84,False,True,False,0.336,Medium Risk,0
680,1,48,8,115115.38,1,1,0,139558.6,101025.27,0,0.82,False,True,False,0.918,Critical Risk,1
627,0,62,3,143426.34,2,1,1,143104.3,115244.46,2,1.0,False,True,False,0.306,Medium Risk,0
836,1,41,7,150302.84,1,1,1,156036.19,123362.277,1,0.96,False,False,True,0.198,Low Risk,0
777,0,43,1,0.0,2,1,0,21785.91,6735.773,0,0.0,True,False,False,0.163,Low Risk,0
595,0,36,6,85768.42,1,1,1,24802.77,51525.041,1,3.46,False,False,True,0.183,Low Risk,0
621,1,43,8,0.0,1,0,0,102806.6,32441.98,0,0.0,False,False,True,0.79,Critical Risk,0
649,1,41,4,115897.73,1,1,0,143544.48,101812.209,0,0.81,False,True,False,0.768,Critical Risk,0
531,1,32,0,109570.21,2,1,1,172049.84,106400.057,2,0.64,False,True,False,0.105,Low Risk,0
705,1,37,3,109974.22,1,1,1,36320.87,66483.371,1,3.03,False,True,False,0.393,Medium Risk,1
812,0,34,5,103818.43,1,1,1,166038.27,102720.696,1,0.63,True,False,False,0.076,Low Risk,0
416,0,32,0,0.0,2,0,1,878.87,263.661,2,0.0,True,False,False,0.074,Low Risk,0
564,0,41,9,103522.75,2,1,1,34338.21,63862.838,2,3.01,False,True,False,0.216,Low Risk,0
509,1,46,1,0.0,1,1,0,71244.59,21573.377,0,0.0,True,False,False,0.796,Critical Risk,1
850,0,22,2,0.0,2,1,1,9684.52,3305.356,2,0.0,False,False,True,0.034,Low Risk,0
532,1,40,5,0.0,2,0,1,177099.71,54129.91299999999,2,0.0,True,False,False,0.159,Low Risk,0
602,0,35,8,0.0,1,1,1,22499.29,8349.787,1,0.0,True,False,False,0.275,Low Risk,0
685,0,43,9,0.0,2,1,0,107811.28,34143.384,0,0.0,False,False,True,0.238,Low Risk,0
815,1,38,2,48387.0,1,1,0,184796.84,80032.552,0,0.26,False,False,True,0.514,High Risk,0
850,1,40,0,0.0,2,1,0,1099.95,329.985,0,0.0,True,False,False,0.14,Low Risk,0
739,0,37,7,104960.46,1,0,1,80883.82,78145.376,1,1.3,True,False,False,0.127,Low Risk,0
674,0,34,2,152797.9,1,1,0,175709.4,129511.77,0,0.87,False,True,False,0.455,Medium Risk,1
648,1,34,3,0.0,1,1,0,54726.43,17017.929,0,0.0,True,False,False,0.449,Medium Risk,0
582,1,50,6,96486.57,2,1,1,20344.02,55546.491,2,4.74,False,True,False,0.418,Medium Risk,0
684,1,34,6,0.0,2,1,1,130928.22,40478.466,2,0.0,True,False,False,0.029,Low Risk,0
648,1,53,6,111201.41,1,1,1,121542.29,93263.392,1,0.91,False,False,True,0.294,Low Risk,0
686,1,39,4,157731.6,2,1,0,162820.6,128511.98,0,0.97,False,True,False,0.44,Medium Risk,0
788,1,43,10,0.0,2,1,1,116111.51,36833.453,2,0.0,True,False,False,0.111,Low Risk,0
731,0,46,10,0.0,2,1,0,153015.42,47904.626,0,0.0,False,False,True,0.28,Low Risk,0
634,0,43,3,212696.32,1,1,0,115268.86,141528.818,0,1.85,False,True,False,0.608,High Risk,0
505,0,40,6,47869.69,2,1,1,155061.97,71653.436,2,0.31,False,True,False,0.215,Low Risk,0
464,0,38,3,116439.65,1,1,0,75574.48,81492.169,0,1.54,True,False,False,0.295,Low Risk,0
650,0,41,3,128808.65,3,0,0,113677.53,99107.584,0,1.13,False,False,True,0.633,High Risk,1
730,1,39,1,99010.67,1,1,0,194945.8,108189.075,0,0.51,True,False,False,0.37,Medium Risk,0
530,1,55,4,120905.03,1,0,1,123475.88,98295.279,1,0.98,True,False,False,0.417,Medium Risk,1
612,1,42,10,75497.51,1,0,0,149682.78,84653.58899999999,0,0.5,True,False,False,0.697,High Risk,0
804,1,38,3,124197.22,1,1,0,74692.06,85106.228,0,1.66,False,False,True,0.325,Medium Risk,0
640,1,47,6,89799.46,2,0,1,13783.77,50234.861,2,6.51,True,False,False,0.262,Low Risk,1
434,0,55,6,0.0,1,0,1,73562.05,23268.615,1,0.0,False,False,True,0.547,High Risk,1
640,0,43,9,172478.15,1,1,0,191084.4,145364.395,0,0.9,False,False,True,0.518,High Risk,1
473,0,40,8,152576.25,2,1,0,73073.68,99810.229,0,2.09,False,True,False,0.433,Medium Risk,0
601,1,49,4,96252.98,2,1,0,104263.82,80205.636,0,0.92,False,True,False,0.809,Critical Risk,0
749,1,33,10,76692.22,1,0,1,30396.43,49465.039,1,2.52,False,True,False,0.205,Low Risk,0
822,0,50,7,0.0,2,1,1,10062.8,4418.84,2,0.0,True,False,False,0.106,Low Risk,0
649,1,36,2,0.0,2,0,1,75035.48,22910.644,2,0.0,True,False,False,0.081,Low Risk,0
719,1,48,5,0.0,2,0,0,78563.66,24569.098,0,0.0,False,False,True,0.549,High Risk,0
554,1,39,10,0.0,2,1,1,18391.93,7517.579,2,0.0,True,False,False,0.154,Low Risk,0
726,1,26,1,80780.16,1,1,1,19225.85,46357.835,1,4.2,False,False,True,0.128,Low Risk,0
803,1,45,7,0.0,2,1,1,128378.04,39913.412,2,0.0,False,False,True,0.071,Low Risk,0
850,0,32,2,128647.98,2,0,0,54416.18,81048.844,0,2.36,False,True,False,0.326,Medium Risk,0
666,1,38,6,127043.09,1,1,1,8247.0,67195.645,1,15.4,True,False,False,0.171,Low Risk,0
537,0,28,3,157842.07,1,1,0,86911.49,105594.482,0,1.82,True,False,False,0.252,Low Risk,0
504,0,43,5,134740.19,2,1,0,181430.91,122799.368,0,0.74,False,True,False,0.565,High Risk,0
626,1,52,0,0.0,2,1,0,32159.46,9647.838,0,0.0,True,False,False,0.53,High Risk,1
696,0,28,4,172646.82,1,1,1,116471.43,122064.839,1,1.48,True,False,False,0.111,Low Risk,0
602,0,29,5,103907.28,1,1,0,161229.84,101322.592,0,0.64,False,False,True,0.318,Medium Risk,0
670,0,30,3,133446.34,1,0,0,3154.95,68269.655,0,42.3,False,False,True,0.358,Medium Risk,0
511,0,48,6,149726.08,1,0,0,88307.87,102555.40099999998,0,1.7,False,True,False,0.932,Critical Risk,1
529,1,31,6,152310.55,1,1,0,13054.25,81271.54999999999,0,11.67,True,False,False,0.245,Low Risk,0
637,1,44,2,0.0,2,1,0,149665.65,45299.695,0,0.0,True,False,False,0.311,Medium Risk,0
520,1,30,4,145222.99,2,0,0,145160.96,116959.783,0,1.0,False,False,True,0.374,Medium Risk,0
565,0,34,7,0.0,1,0,0,74593.84,23778.152,0,0.0,True,False,False,0.62,High Risk,0
559,1,28,3,152264.81,1,0,0,64242.31,96005.098,0,2.37,False,True,False,0.623,High Risk,0
689,1,55,4,0.0,2,1,1,58442.25,18332.675,2,0.0,False,False,True,0.074,Low Risk,0
673,0,59,0,178058.06,2,0,1,21063.71,95348.143,2,8.45,True,False,False,0.241,Low Risk,1
645,1,31,1,128927.93,1,1,1,2850.01,65518.96799999999,1,45.24,False,True,False,0.325,Medium Risk,0
541,1,39,6,109844.81,1,1,0,25289.23,63709.174,0,4.34,True,False,False,0.376,Medium Risk,0
758,1,39,6,127357.76,1,0,1,56577.0,81851.98,1,2.25,True,False,False,0.232,Low Risk,0
483,1,30,9,0.0,2,0,0,136356.97,42707.091,0,0.0,True,False,False,0.076,Low Risk,0
575,0,43,3,0.0,1,1,0,83594.51,25678.353,0,0.0,False,False,True,0.691,High Risk,0
526,0,35,5,0.0,2,1,1,105618.14,32685.442,2,0.0,False,False,True,0.021,Low Risk,0
612,1,31,8,117989.76,1,1,1,54129.86,76833.83799999999,1,2.18,True,False,False,0.071,Low Risk,0
605,1,33,4,0.0,2,0,1,83700.66,25910.198,2,0.0,True,False,False,0.035,Low Risk,0
633,1,32,1,104001.38,1,0,1,36642.65,63193.485,1,2.84,True,False,False,0.09,Low Risk,0
661,1,30,7,0.0,2,1,0,72196.57,23058.971,0,0.0,True,False,False,0.072,Low Risk,0
633,1,33,3,0.0,2,1,0,191111.02,57933.306,0,0.0,True,False,False,0.119,Low Risk,0
644,0,37,6,117271.8,2,1,0,104217.96,91101.288,0,1.13,True,False,False,0.267,Low Risk,1
505,1,37,10,122453.97,2,1,1,52693.99,79035.182,2,2.32,False,True,False,0.123,Low Risk,0
679,1,39,7,91187.9,1,0,1,6075.36,48816.558,1,15.01,False,False,True,0.217,Low Risk,0
551,1,38,10,0.0,2,1,1,216.27,2064.881,2,0.0,True,False,False,0.186,Low Risk,0
665,0,39,10,46323.57,1,1,0,136812.02,66205.39099999999,0,0.34,True,False,False,0.555,High Risk,0
751,0,38,7,0.0,2,0,0,90839.61,28651.883,0,0.0,False,False,True,0.124,Low Risk,0
788,0,37,8,141541.25,1,0,0,66013.27,92174.606,0,2.14,False,False,True,0.352,Medium Risk,0
684,0,27,2,134603.88,1,1,1,71725.73,89219.659,1,1.88,True,False,False,0.07,Low Risk,0
717,1,35,5,103214.71,1,1,0,172172.7,104259.165,0,0.6,False,True,False,0.615,High Risk,0
679,1,32,0,88335.05,1,0,0,159584.81,92042.968,0,0.55,False,True,False,0.544,High Risk,0
521,1,77,6,0.0,2,1,1,49054.1,15916.23,2,0.0,True,False,False,0.047,Low Risk,0
726,0,31,9,0.0,2,1,1,106117.3,33635.19,2,0.0,True,False,False,0.03,Low Risk,0
547,1,42,1,142703.4,1,1,0,86207.49,97413.947,0,1.66,False,True,False,0.771,Critical Risk,1
504,0,34,0,54980.81,1,1,1,136909.88,68563.369,1,0.4,False,False,True,0.18,Low Risk,0
754,1,39,8,129401.87,1,1,1,87684.93,92606.414,1,1.48,False,True,False,0.452,Medium Risk,0
775,0,36,2,109949.05,2,0,1,71682.54,76879.287,2,1.53,False,True,False,0.157,Low Risk,0
714,0,46,1,0.0,1,1,0,152167.79,45850.337,0,0.0,True,False,False,0.836,Critical Risk,1
568,1,36,10,153610.61,1,1,1,54083.8,95030.445,1,2.84,False,False,True,0.063,Low Risk,1
704,0,27,5,147004.34,1,1,0,64381.33,93816.569,0,2.28,False,True,False,0.621,High Risk,1
719,0,61,5,0.0,2,0,1,29132.43,9739.729,2,0.0,True,False,False,0.087,Low Risk,0
828,0,42,10,0.0,1,1,1,186071.14,57821.342,1,0.0,False,False,True,0.228,Low Risk,0
615,0,32,7,92199.84,1,1,1,2755.53,48326.579,1,33.46,True,False,False,0.067,Low Risk,0
621,0,46,6,141078.37,1,0,0,34580.8,82113.425,0,4.08,False,True,False,0.929,Critical Risk,1
622,1,23,8,0.0,2,1,1,131389.39,41016.817,2,0.0,False,False,True,0.025,Low Risk,0
589,0,28,7,0.0,2,1,0,151645.96,46893.78799999999,0,0.0,True,False,False,0.086,Low Risk,0
754,1,47,1,185513.67,1,1,0,27438.83,101188.484,0,6.76,True,False,False,0.665,High Risk,0
549,0,36,6,139422.37,1,0,0,83983.39,96106.202,0,1.66,False,True,False,0.704,Critical Risk,1
490,0,33,1,0.0,2,1,1,80792.83,24437.849,2,0.0,True,False,False,0.037,Low Risk,0
643,0,30,5,94443.77,1,1,1,165614.4,97906.205,1,0.57,True,False,False,0.084,Low Risk,0
548,0,38,0,178056.54,2,1,0,38434.73,100558.689,0,4.63,False,False,True,0.321,Medium Risk,0
651,1,46,4,89743.05,1,1,0,156425.57,92599.196,0,0.57,False,False,True,0.759,Critical Risk,1
678,1,55,5,0.0,1,0,1,196794.11,60038.23299999999,1,0.0,True,False,False,0.715,Critical Risk,1
407,0,37,1,0.0,1,1,1,49161.12,14948.336,1,0.0,False,False,True,0.389,Medium Risk,1
683,0,30,1,113257.2,1,1,1,65035.02,76339.106,1,1.74,False,False,True,0.065,Low Risk,0
629,1,45,7,129818.39,3,1,0,9217.55,69074.46,0,14.08,False,True,False,0.792,Critical Risk,1
736,0,27,5,51522.75,1,0,1,192131.77,84400.90599999999,1,0.27,True,False,False,0.178,Low Risk,0
538,1,31,0,0.0,2,0,0,179453.66,53836.098,0,0.0,False,False,True,0.186,Low Risk,0
655,0,37,9,121342.24,1,1,1,180241.44,116543.552,1,0.67,False,True,False,0.442,Medium Risk,0
738,1,33,3,122134.4,2,0,1,27867.59,70027.477,2,4.38,False,False,True,0.125,Low Risk,0
588,0,59,4,0.0,2,1,1,27435.41,9030.623,2,0.0,False,False,True,0.072,Low Risk,0
736,0,57,9,95295.39,1,1,0,28434.44,57978.027,0,3.35,False,True,False,0.895,Critical Risk,1
623,0,40,5,118788.57,1,1,0,192867.4,118254.505,0,0.62,True,False,False,0.427,Medium Risk,0
549,0,45,6,124240.93,1,1,1,146372.51,107232.218,1,0.85,False,True,False,0.716,Critical Risk,0
630,0,31,0,0.0,2,1,1,34475.14,10342.542,2,0.0,True,False,False,0.056,Low Risk,0
494,1,35,9,112727.06,2,1,0,183752.91,113289.403,0,0.61,True,False,False,0.163,Low Risk,0
671,0,36,2,116695.27,1,0,0,193201.86,116708.193,0,0.6,False,True,False,0.84,Critical Risk,0
785,1,38,1,0.0,1,1,0,134964.85,40689.455,0,0.0,True,False,False,0.451,Medium Risk,1
724,0,29,4,0.0,1,1,0,8982.75,3494.825,0,0.0,True,False,False,0.343,Medium Risk,0
532,0,42,1,159024.71,1,1,0,100982.93,110007.234,0,1.57,True,False,False,0.572,High Risk,1
747,0,29,7,117726.33,1,1,1,175398.34,112882.667,1,0.67,False,True,False,0.276,Low Risk,0
598,1,43,5,0.0,3,1,1,100722.72,31216.816,3,0.0,True,False,False,0.787,Critical Risk,1
647,0,35,3,192407.97,1,1,1,40145.28,108847.569,1,4.79,False,True,False,0.315,Medium Risk,0
590,0,43,8,0.0,2,1,1,143628.31,44688.493,2,0.0,True,False,False,0.095,Low Risk,0
713,1,38,7,144606.22,1,1,1,56594.36,90681.418,1,2.56,False,True,False,0.364,Medium Risk,1
791,0,36,6,111168.97,1,1,1,189969.91,113775.458,1,0.59,True,False,False,0.103,Low Risk,0
620,1,29,1,138740.24,2,0,0,154700.61,115980.303,0,0.9,True,False,False,0.195,Low Risk,0
637,0,30,1,122185.53,1,1,0,102566.46,92062.703,0,1.19,False,True,False,0.613,High Risk,1
544,1,32,9,110728.39,1,1,1,14559.62,61532.081,1,7.61,True,False,False,0.072,Low Risk,0
637,1,40,6,0.0,2,1,1,181610.6,55683.18,2,0.0,False,False,True,0.083,Low Risk,0
658,0,42,8,102870.93,1,0,1,103764.55,84164.82999999999,1,0.99,True,False,False,0.282,Low Risk,1
714,1,51,4,88308.87,3,0,0,5862.53,46713.194,0,15.06,True,False,False,0.797,Critical Risk,1
642,1,33,4,84607.34,2,0,1,60059.47,61121.511,2,1.41,True,False,False,0.062,Low Risk,0
613,1,43,4,140681.68,1,0,1,20134.07,77181.061,1,6.99,False,True,False,0.775,Critical Risk,0
684,0,32,3,102630.13,2,1,1,127433.47,90145.106,2,0.81,False,True,False,0.089,Low Risk,0
701,1,48,1,92072.68,1,1,1,133992.36,86434.04799999998,1,0.69,False,True,False,0.649,High Risk,0
615,1,30,9,0.0,1,1,0,87347.82,28004.346,0,0.0,True,False,False,0.363,Medium Risk,0
599,0,39,2,188976.89,2,0,1,176142.09,147731.072,2,1.07,False,True,False,0.189,Low Risk,0
554,1,26,7,92606.86,2,1,0,192709.69,105516.337,0,0.48,True,False,False,0.123,Low Risk,0
589,1,19,9,83495.11,1,1,1,143022.31,86454.24799999999,1,0.58,False,True,False,0.12,Low Risk,1
653,0,43,0,0.0,2,1,0,27862.58,8358.774,0,0.0,True,False,False,0.184,Low Risk,0
633,0,33,4,137847.41,2,1,0,98349.13,99228.444,0,1.4,False,False,True,0.255,Low Risk,0
762,0,28,3,125155.83,2,1,1,106024.02,94985.121,2,1.18,False,True,False,0.1,Low Risk,0
743,0,39,3,119695.75,1,0,1,26136.13,68288.714,1,4.58,False,True,False,0.62,High Risk,0
714,0,45,0,124693.48,1,0,1,187194.15,118504.985,1,0.67,False,False,True,0.325,Medium Risk,0
827,1,60,2,0.0,2,0,1,60615.83,18584.749,2,0.0,True,False,False,0.102,Low Risk,0
595,0,35,8,0.0,1,1,0,100015.79,31604.737,0,0.0,False,False,True,0.428,Medium Risk,1
663,0,36,10,0.0,2,1,0,136349.55,42904.865,0,0.0,True,False,False,0.109,Low Risk,0
544,0,37,2,0.0,2,0,0,135067.02,40920.10599999999,0,0.0,False,False,True,0.137,Low Risk,0
775,0,32,8,121669.23,1,0,1,125898.39,100204.132,1,0.97,False,True,False,0.316,Medium Risk,0
702,1,36,2,105264.88,2,1,1,52909.87,68905.401,2,1.99,False,True,False,0.137,Low Risk,0
583,1,42,4,0.0,2,1,0,17439.66,6031.898,0,0.0,True,False,False,0.198,Low Risk,0
670,1,42,6,112333.63,1,1,1,65706.86,77078.873,1,1.71,True,False,False,0.201,Low Risk,0
526,0,49,2,0.0,1,1,0,114539.67,34761.901,0,0.0,False,False,True,0.809,Critical Risk,1
778,0,37,3,141803.77,1,0,1,179421.84,125328.437,1,0.79,True,False,False,0.133,Low Risk,0
614,0,38,2,116248.88,1,1,0,105140.92,90066.716,0,1.11,True,False,False,0.297,Low Risk,0
561,0,32,6,166824.59,1,1,0,139451.98,126447.889,0,1.2,False,True,False,0.399,Medium Risk,0
556,0,34,8,163757.06,1,1,1,104000.06,114678.548,1,1.57,True,False,False,0.092,Low Risk,0
683,1,29,9,0.0,2,1,1,48849.89,16454.966999999997,2,0.0,True,False,False,0.028,Low Risk,0
698,0,55,8,155059.1,2,1,1,144584.29,122504.837,2,1.07,False,True,False,0.319,Medium Risk,0
663,0,67,9,0.0,3,1,1,72318.77,23495.631,3,0.0,True,False,False,0.487,Medium Risk,0
468,0,26,1,131643.25,1,1,0,64436.16,85352.473,0,2.04,False,False,True,0.279,Low Risk,0
591,0,36,7,135216.8,1,1,1,122022.89,105615.267,1,1.11,False,False,True,0.081,Low Risk,0
430,0,49,3,137115.16,1,1,0,146516.86,113112.638,0,0.94,False,True,False,0.878,Critical Risk,1
661,1,41,1,0.0,2,0,1,131300.68,39590.204,2,0.0,True,False,False,0.121,Low Risk,0
501,0,44,4,142051.07,2,0,1,74940.5,94307.685,2,1.9,True,False,False,0.263,Low Risk,0
745,1,36,9,0.0,1,1,0,19605.18,7681.554,0,0.0,True,False,False,0.419,Medium Risk,1
666,1,27,1,85225.21,1,0,1,64511.44,62166.037,1,1.32,True,False,False,0.086,Low Risk,0
686,0,45,3,74274.87,3,1,0,64907.48,57209.679,0,1.14,False,False,True,0.719,Critical Risk,1
661,0,44,1,141136.62,1,1,0,189742.78,127691.144,0,0.74,False,True,False,0.872,Critical Risk,1
608,0,42,8,131390.75,2,1,0,71178.09,88648.802,0,1.85,False,True,False,0.612,High Risk,0
705,1,40,3,92889.91,1,1,1,109496.69,79893.962,1,0.85,False,True,False,0.425,Medium Risk,0
760,0,43,8,121911.59,1,1,0,193312.33,120549.494,0,0.63,True,False,False,0.557,High Risk,0
698,1,36,7,121263.62,1,1,1,13387.88,66048.174,1,9.06,False,True,False,0.368,Medium Risk,0
476,0,37,4,0.0,1,1,1,55775.84,17532.751999999997,1,0.0,True,False,False,0.314,Medium Risk,1
822,0,32,8,116358.0,1,1,0,108798.36,92418.508,0,1.07,True,False,False,0.186,Low Risk,0
850,1,42,8,0.0,1,1,0,19632.64,7489.791999999999,0,0.0,True,False,False,0.687,High Risk,1
745,1,33,1,0.0,2,1,1,174431.01,52529.303,2,0.0,True,False,False,0.052,Low Risk,0
579,1,38,4,175739.36,1,1,1,193130.55,146608.84499999997,1,0.91,True,False,False,0.271,Low Risk,0
753,1,38,9,151766.71,1,1,1,180829.99,131932.35199999998,1,0.84,False,True,False,0.348,Medium Risk,0
667,0,27,7,156811.74,1,1,1,149402.59,124626.647,1,1.05,True,False,False,0.112,Low Risk,0
638,1,48,10,138333.03,1,1,1,47679.14,85470.257,1,2.9,True,False,False,0.23,Low Risk,0
730,1,62,2,0.0,2,1,1,162889.1,49266.73,2,0.0,False,False,True,0.061,Low Risk,0
758,1,35,5,0.0,2,0,0,100365.51,31109.653,0,0.0,False,False,True,0.095,Low Risk,0
549,1,29,8,0.0,2,1,1,189558.44,58467.532,2,0.0,True,False,False,0.049,Low Risk,0
708,0,32,10,86614.06,2,1,1,172129.26,96945.808,2,0.5,True,False,False,0.047,Low Risk,0
568,1,31,1,61592.14,2,1,1,61796.64,49535.062,2,1.0,False,True,False,0.057,Low Risk,0
519,0,48,10,71083.98,1,1,0,137959.0,78929.69,0,0.52,True,False,False,0.721,Critical Risk,0
631,1,29,2,96863.52,2,1,1,31613.35,58315.765,2,3.06,False,True,False,0.057,Low Risk,0
757,0,32,9,0.0,2,1,0,115950.96,36585.288,0,0.0,True,False,False,0.072,Low Risk,0
734,0,30,3,0.0,2,1,0,107640.25,32892.075,0,0.0,True,False,False,0.074,Low Risk,0
678,0,31,2,0.0,2,1,1,58803.28,18040.984,2,0.0,True,False,False,0.028,Low Risk,0
762,0,56,10,100260.88,3,1,1,77142.42,75273.166,3,1.3,False,True,False,0.859,Critical Risk,1
660,1,61,5,155931.11,1,1,1,158338.39,126467.072,1,0.98,False,False,True,0.284,Low Risk,0
730,1,27,7,0.0,2,1,0,144099.48,44629.844000000005,0,0.0,True,False,False,0.081,Low Risk,0
645,1,48,7,90612.34,1,1,1,149139.13,91447.909,1,0.61,True,False,False,0.339,Medium Risk,0
660,0,31,9,125189.75,2,1,1,139874.43,106357.204,2,0.9,False,True,False,0.104,Low Risk,0
565,1,40,1,89994.71,2,0,1,121084.27,81522.636,2,0.74,False,True,False,0.294,Low Risk,0
686,1,34,3,123971.51,2,1,0,147794.63,106924.144,0,0.84,True,False,False,0.218,Low Risk,0
740,0,44,9,0.0,1,0,1,96528.0,30758.4,1,0.0,True,False,False,0.522,High Risk,1
721,0,33,5,0.0,2,0,1,117626.9,36288.07,2,0.0,False,False,True,0.02,Low Risk,0
604,1,71,2,0.0,2,1,1,49506.82,15252.045999999998,2,0.0,True,False,False,0.039,Low Risk,0
539,1,47,2,127286.04,2,1,1,166929.43,114121.849,2,0.76,True,False,False,0.304,Medium Risk,1
759,0,38,1,0.0,2,1,0,20778.39,6433.517,0,0.0,False,False,True,0.086,Low Risk,0
567,0,41,0,134378.89,1,1,1,105746.94,98913.527,1,1.27,False,True,False,0.553,High Risk,0
742,0,31,4,105239.1,1,1,1,19700.24,59329.622,1,5.34,True,False,False,0.076,Low Risk,0
687,1,72,9,0.0,1,0,1,69829.4,22748.82,1,0.0,True,False,False,0.306,Medium Risk,0
614,1,34,5,0.0,2,1,0,185561.89,56668.567,0,0.0,True,False,False,0.123,Low Risk,0
828,0,47,1,109876.82,2,1,0,83611.45,80221.845,0,1.31,False,False,True,0.464,Medium Risk,1
764,1,39,9,138341.51,1,1,0,50072.94,85992.637,0,2.76,False,True,False,0.716,Critical Risk,1
635,0,46,8,0.0,2,1,1,60739.16,19821.748,2,0.0,False,False,True,0.071,Low Risk,0
546,1,30,5,0.0,2,0,1,198543.09,60562.927,2,0.0,True,False,False,0.053,Low Risk,0
484,1,35,7,133868.21,1,1,1,27286.1,76519.935,1,4.91,False,False,True,0.069,Low Risk,0
721,0,36,1,155176.83,2,1,1,49653.37,92684.426,2,3.13,True,False,False,0.117,Low Risk,0
609,1,40,10,137389.77,2,1,0,170122.22,121731.551,0,0.81,False,True,False,0.417,Medium Risk,0
684,1,48,10,126384.42,1,1,1,198129.36,124631.01799999998,1,0.64,False,True,False,0.483,Medium Risk,0
586,1,38,2,0.0,2,1,0,87168.46,26550.538,0,0.0,True,False,False,0.118,Low Risk,0
835,0,35,6,127120.07,1,1,0,28707.69,73372.342,0,4.43,True,False,False,0.281,Low Risk,0
709,1,41,3,150300.65,2,1,0,71672.86,97252.183,0,2.1,True,False,False,0.394,Medium Risk,0
554,0,37,3,0.0,2,1,0,166177.3,50453.19,0,0.0,False,False,True,0.106,Low Risk,0
765,1,56,1,0.0,1,1,0,13228.93,4168.679,0,0.0,True,False,False,0.877,Critical Risk,1
610,1,27,9,159561.93,1,0,1,103381.47,112595.406,1,1.54,True,False,False,0.138,Low Risk,0
592,1,34,6,102143.93,2,1,1,102628.98,83060.65899999999,2,1.0,False,True,False,0.086,Low Risk,0
676,1,34,8,100359.54,1,0,0,46038.28,65591.25399999999,0,2.18,True,False,False,0.284,Low Risk,0
613,0,20,3,0.0,2,1,1,149613.77,45484.131,2,0.0,True,False,False,0.021,Low Risk,0
607,1,32,6,0.0,2,0,0,196062.01,60018.603,0,0.0,True,False,False,0.137,Low Risk,0
593,1,39,8,151391.68,1,1,0,27274.6,85478.22,0,5.55,False,True,False,0.625,High Risk,1
638,0,24,1,0.0,2,0,1,162597.15,48979.145,2,0.0,True,False,False,0.034,Low Risk,0
711,1,25,5,190066.54,1,0,0,51345.39,111436.887,0,3.7,True,False,False,0.491,Medium Risk,1
634,1,46,5,123642.36,1,1,1,49725.16,77738.728,1,2.49,False,True,False,0.656,High Risk,1
439,0,36,2,165536.28,2,1,1,123956.83,120355.189,2,1.34,True,False,False,0.116,Low Risk,0
650,0,42,4,194532.66,1,1,0,171045.31,149379.923,0,1.14,False,False,True,0.651,High Risk,1
742,1,25,4,132116.13,2,1,0,129933.5,105838.115,0,1.02,True,False,False,0.18,Low Risk,0
639,1,35,8,0.0,1,0,0,164453.98,50936.194,0,0.0,True,False,False,0.556,High Risk,0
504,1,32,8,206663.75,1,0,0,16281.94,109816.457,0,12.69,True,False,False,0.444,Medium Risk,0
701,0,23,3,0.0,2,1,0,38960.59,12288.176999999998,0,0.0,True,False,False,0.055,Low Risk,0
645,0,40,6,131411.24,1,1,1,194656.11,125302.45299999998,1,0.68,True,False,False,0.184,Low Risk,0
699,1,25,8,0.0,2,1,1,52404.47,17321.341,2,0.0,False,False,True,0.023,Low Risk,0
571,1,38,6,107193.82,2,0,0,38962.94,66485.792,0,2.75,True,False,False,0.275,Low Risk,0
667,0,23,1,0.0,2,1,0,91573.19,27671.957,0,0.0,True,False,False,0.099,Low Risk,0
638,0,34,5,146679.77,1,1,0,102179.86,104993.843,0,1.44,False,False,True,0.322,Medium Risk,0
713,1,48,1,163760.82,1,0,0,157381.14,129294.752,0,1.04,False,False,True,0.842,Critical Risk,1
584,1,30,5,0.0,2,1,1,185201.58,56560.474,2,0.0,False,False,True,0.029,Low Risk,0
687,0,34,7,129895.19,1,0,1,28698.17,74957.046,1,4.53,True,False,False,0.094,Low Risk,0
613,0,69,9,78778.49,1,0,1,8751.59,43814.722,1,9.0,False,True,False,0.217,Low Risk,0
694,0,42,8,133767.19,1,1,0,36405.21,79405.158,0,3.67,True,False,False,0.553,High Risk,0
682,0,30,9,0.0,2,1,1,2053.42,2416.026,2,0.0,True,False,False,0.028,Low Risk,0
796,1,50,1,94164.0,1,1,1,189414.74,104106.422,1,0.5,True,False,False,0.307,Medium Risk,0
655,0,44,8,87471.63,1,0,1,188593.98,101914.009,1,0.46,True,False,False,0.446,Medium Risk,0
586,0,42,6,0.0,2,1,1,123410.23,38223.069,2,0.0,False,False,True,0.067,Low Risk,0
640,1,33,6,84719.13,2,1,1,113048.79,77474.20199999999,2,0.75,True,False,False,0.067,Low Risk,0
666,1,37,2,158468.76,1,0,1,93266.01,107614.183,1,1.7,False,True,False,0.363,Medium Risk,0
543,0,42,7,0.0,1,1,1,56650.47,18395.141,1,0.0,True,False,False,0.401,Medium Risk,0
492,1,49,2,151249.45,2,1,1,167237.94,126196.107,2,0.9,False,True,False,0.41,Medium Risk,0
792,0,50,9,0.0,4,1,1,194700.81,60210.243,4,0.0,True,False,False,0.816,Critical Risk,1
646,0,39,6,121681.91,2,0,1,61793.47,80578.996,2,1.97,False,True,False,0.272,Low Risk,0
741,0,36,8,116993.43,2,1,0,168816.22,110741.581,0,0.69,False,True,False,0.404,Medium Risk,0
521,0,30,2,107316.09,1,1,0,64299.82,73347.991,0,1.67,True,False,False,0.229,Low Risk,0
782,1,70,7,97072.42,1,0,1,131177.22,89289.37599999999,1,0.74,True,False,False,0.173,Low Risk,0
743,0,43,5,0.0,2,0,0,113079.19,34923.757,0,0.0,True,False,False,0.36,Medium Risk,1
737,0,30,8,174356.13,1,0,0,31928.5,98356.615,0,5.46,True,False,False,0.341,Medium Risk,0
674,0,18,7,0.0,2,1,1,55753.12,18125.936,2,0.0,True,False,False,0.023,Low Risk,1
676,0,38,8,0.0,2,1,1,133692.88,41707.864,2,0.0,True,False,False,0.026,Low Risk,0
835,0,38,7,86824.09,1,0,0,175905.97,97583.836,0,0.49,False,False,True,0.467,Medium Risk,0
573,0,46,3,65269.23,1,0,1,189988.65,90231.21,1,0.34,False,False,True,0.507,High Risk,1
727,1,57,1,109679.72,1,0,1,753.37,55265.871,1,145.59,False,False,True,0.406,Medium Risk,0
664,1,34,7,93920.47,1,0,0,179913.98,102334.429,0,0.52,True,False,False,0.388,Medium Risk,0
621,1,31,8,100375.39,1,1,1,90384.26,78902.973,1,1.11,False,True,False,0.209,Low Risk,0
660,0,46,5,109019.65,2,1,1,33680.56,65613.99299999999,2,3.24,False,True,False,0.426,Medium Risk,0
531,1,45,1,126495.57,2,1,1,164741.5,112870.235,2,0.77,False,False,True,0.256,Low Risk,0
596,0,30,6,121345.88,4,1,0,41921.75,74449.465,0,2.89,False,False,True,0.649,High Risk,1
732,0,25,0,110942.9,1,0,0,172576.56,107244.418,0,0.64,True,False,False,0.237,Low Risk,0
488,1,22,6,0.0,2,1,1,66393.89,21118.167,2,0.0,True,False,False,0.023,Low Risk,0
713,1,25,4,121172.97,1,1,1,56268.98,78267.179,1,2.15,True,False,False,0.073,Low Risk,0
697,1,48,2,108128.96,2,1,1,103944.37,85647.791,2,1.04,False,True,False,0.47,Medium Risk,0
651,0,38,2,0.0,3,1,0,67029.82,20508.946,0,0.0,False,False,True,0.313,Medium Risk,1
658,0,37,3,168735.74,2,0,0,70370.24,106078.942,0,2.4,False,True,False,0.41,Medium Risk,0
613,0,29,0,0.0,2,0,1,133897.32,40169.196,2,0.0,False,False,True,0.047,Low Risk,0
779,0,37,7,120092.52,2,1,0,135925.72,102223.976,0,0.88,False,True,False,0.435,Medium Risk,0
579,1,39,5,117833.3,3,0,0,5831.0,61665.95,0,20.21,False,True,False,0.736,Critical Risk,1
588,1,48,1,143279.58,2,1,0,31580.8,81314.03,0,4.54,False,True,False,0.74,Critical Risk,1
664,0,46,2,0.0,1,1,1,177423.02,53626.906,1,0.0,True,False,False,0.471,Medium Risk,1
633,0,29,10,130206.28,1,1,0,184654.87,122499.601,0,0.71,True,False,False,0.211,Low Risk,0
779,1,41,10,99786.2,1,1,0,86927.53,77971.359,0,1.15,True,False,False,0.38,Medium Risk,0
623,1,35,5,0.0,2,1,0,101192.08,31357.624,0,0.0,True,False,False,0.13,Low Risk,0
744,1,26,5,166297.89,1,1,1,181694.44,138657.277,1,0.92,False,False,True,0.222,Low Risk,0
644,0,33,7,174571.36,1,0,1,43943.09,101868.607,1,3.97,True,False,False,0.124,Low Risk,0
467,0,57,1,0.0,2,1,1,114448.77,34534.631,2,0.0,True,False,False,0.124,Low Risk,0
736,0,43,4,176134.54,1,1,1,52856.88,104724.334,1,3.33,True,False,False,0.289,Low Risk,0
592,0,55,8,85845.43,2,1,1,128918.42,83198.241,2,0.67,False,False,True,0.22,Low Risk,0
617,1,27,4,0.0,2,0,0,190269.21,57880.763,0,0.0,True,False,False,0.119,Low Risk,0
717,1,33,0,115777.23,1,1,1,81508.1,82341.045,1,1.42,False,True,False,0.25,Low Risk,0
781,0,35,4,80790.74,1,1,0,116429.51,76124.223,0,0.69,False,False,True,0.293,Low Risk,0
619,0,34,1,0.0,1,1,0,139919.38,42175.814,0,0.0,False,False,True,0.566,High Risk,0
571,1,47,7,0.0,2,0,0,112366.98,35110.094,0,0.0,True,False,False,0.509,High Risk,0
570,1,58,8,0.0,1,0,1,116503.92,36551.176,1,0.0,True,False,False,0.561,High Risk,1
809,0,41,1,79706.25,2,1,0,165675.01,89755.628,0,0.48,False,True,False,0.363,Medium Risk,0
703,1,26,1,97331.19,1,1,0,63717.49,67980.842,0,1.53,False,True,False,0.502,High Risk,0
475,1,32,8,119023.28,1,1,0,100816.29,91356.527,0,1.18,True,False,False,0.173,Low Risk,0
692,1,43,2,69014.49,2,0,0,164621.43,84293.674,0,0.42,False,True,False,0.482,Medium Risk,0
484,1,39,5,0.0,2,1,1,175224.12,53567.236,2,0.0,False,False,True,0.051,Low Risk,0
705,1,57,3,0.0,2,1,1,34134.14,10840.242,2,0.0,False,False,True,0.069,Low Risk,0
674,1,45,6,72494.69,1,0,1,140041.78,79459.879,1,0.52,True,False,False,0.46,Medium Risk,0
639,0,77,6,80926.02,2,1,1,55829.25,58411.785,2,1.45,True,False,False,0.107,Low Risk,0
571,0,38,1,121405.04,1,1,1,154844.22,107355.786,1,0.78,True,False,False,0.126,Low Risk,0
524,0,29,9,144287.6,2,1,0,32063.3,83562.79000000001,0,4.5,False,True,False,0.29,Low Risk,0
671,0,50,8,0.0,1,0,1,2560.11,2368.033,1,0.0,False,False,True,0.414,Medium Risk,0
653,0,30,4,0.0,2,1,0,120736.04,37020.812,0,0.0,False,False,True,0.062,Low Risk,0
554,0,40,4,0.0,1,0,1,168780.04,51434.012,1,0.0,True,False,False,0.554,High Risk,0
711,1,34,6,0.0,2,1,1,175310.38,53793.114,2,0.0,True,False,False,0.045,Low Risk,0
589,1,59,2,0.0,2,1,1,126160.24,38248.072,2,0.0,True,False,False,0.117,Low Risk,1
637,0,32,5,0.0,1,0,0,148769.08,45630.724,0,0.0,True,False,False,0.711,Critical Risk,0
445,1,48,7,168286.58,1,1,0,16645.77,90537.021,0,10.11,False,True,False,0.818,Critical Risk,1
598,1,40,9,0.0,1,1,0,68462.59,22338.777,0,0.0,True,False,False,0.456,Medium Risk,1
651,1,45,10,135923.16,1,1,0,18732.84,75581.432,0,7.26,False,False,True,0.464,Medium Risk,0
572,0,33,5,0.0,1,0,1,41139.05,13341.715,1,0.0,True,False,False,0.293,Low Risk,0
739,0,45,7,102703.62,1,0,1,147802.94,97092.692,1,0.69,False,True,False,0.805,Critical Risk,1
697,0,31,3,108805.42,2,0,1,123825.83,92150.459,2,0.88,False,True,False,0.128,Low Risk,0
786,0,40,6,0.0,2,0,0,41248.8,13574.64,0,0.0,False,False,True,0.176,Low Risk,0
599,0,40,10,137456.28,2,1,1,14113.11,74962.073,2,9.74,False,True,False,0.198,Low Risk,0
735,0,31,3,119558.35,1,0,0,72927.68,82257.47899999999,0,1.64,True,False,False,0.284,Low Risk,0
850,0,43,0,108508.82,3,1,0,184044.8,109467.85,0,0.59,False,True,False,0.729,Critical Risk,1
708,1,33,8,0.0,2,0,1,15246.83,6174.049,2,0.0,True,False,False,0.074,Low Risk,0
687,1,40,1,0.0,2,1,0,8207.36,2662.208,0,0.0,False,False,True,0.136,Low Risk,0
619,1,41,5,92467.58,1,1,0,38270.47,58714.931,0,2.42,False,True,False,0.681,High Risk,0
776,1,38,2,169824.46,1,1,0,169291.7,136099.74,0,1.0,True,False,False,0.527,High Risk,0
720,0,31,4,141356.47,1,0,0,137985.69,112873.942,0,1.02,False,False,True,0.349,Medium Risk,0
785,1,39,1,130147.98,1,1,0,163798.41,114413.513,0,0.79,True,False,False,0.356,Medium Risk,1
774,0,36,7,103688.19,1,0,1,118971.74,88935.617,1,0.87,True,False,False,0.122,Low Risk,0
699,0,36,2,123601.56,2,1,0,103557.85,93268.135,0,1.19,False,True,False,0.449,Medium Risk,0
776,0,36,1,0.0,2,1,0,53477.76,16243.328,0,0.0,True,False,False,0.06,Low Risk,0
559,0,34,4,0.0,2,1,1,66721.98,20816.594,2,0.0,True,False,False,0.022,Low Risk,0
670,0,37,2,0.0,2,1,1,54229.74,16668.922,2,0.0,True,False,False,0.042,Low Risk,0
740,1,36,4,109044.6,1,0,0,94554.74,83688.72200000001,0,1.15,False,True,False,0.696,High Risk,1
577,0,29,2,0.0,1,1,1,168924.41,51077.323,1,0.0,False,False,True,0.25,Low Risk,0
761,1,33,6,138053.79,2,1,0,148779.41,114860.718,0,0.93,True,False,False,0.221,Low Risk,0
795,0,32,2,117265.21,1,1,1,198317.23,118527.774,1,0.59,True,False,False,0.079,Low Risk,0
765,0,41,4,124182.21,1,0,0,100153.43,92937.134,0,1.24,True,False,False,0.618,High Risk,0
517,1,59,8,154110.99,2,1,0,101240.08,109027.519,0,1.52,False,True,False,0.723,Critical Risk,1
621,1,50,5,0.0,2,1,0,191756.54,58526.962,0,0.0,True,False,False,0.428,Medium Risk,1
627,1,28,3,157597.61,1,0,1,34097.22,89627.97099999999,1,4.62,False,False,True,0.096,Low Risk,0
624,0,46,3,0.0,2,1,1,62825.03,19447.509,2,0.0,False,False,True,0.066,Low Risk,0
656,1,23,4,163549.63,1,0,1,21085.12,88900.351,1,7.76,False,True,False,0.218,Low Risk,0
586,1,35,7,164769.02,3,1,0,119814.25,119728.785,0,1.38,True,False,False,0.643,High Risk,1
590,1,51,3,154962.99,3,0,1,191932.27,135661.17599999998,3,0.81,False,False,True,0.894,Critical Risk,1
523,0,30,1,83181.29,1,1,1,138176.78,83243.679,1,0.6,True,False,False,0.068,Low Risk,0
728,0,37,0,0.0,2,1,1,72203.8,21661.14,2,0.0,True,False,False,0.081,Low Risk,0
593,1,38,4,88736.44,2,1,0,67020.03,65274.229,0,1.32,False,False,True,0.257,Low Risk,0
648,1,50,9,102535.57,1,1,1,189543.19,109930.742,1,0.54,True,False,False,0.318,Medium Risk,0
530,1,33,4,129307.32,1,1,1,172930.28,117332.744,1,0.75,True,False,False,0.155,Low Risk,0
700,1,32,3,0.0,1,0,0,95740.37,29322.111,0,0.0,True,False,False,0.628,High Risk,0
546,0,29,5,0.0,1,1,1,94823.95,29447.185,1,0.0,True,False,False,0.147,Low Risk,0
757,0,36,7,144852.06,1,0,0,130861.95,113084.615,0,1.11,True,False,False,0.34,Medium Risk,0
750,1,37,6,0.0,1,1,1,117948.0,36584.4,1,0.0,True,False,False,0.202,Low Risk,1
683,1,36,7,0.0,2,1,0,104786.59,32835.977,0,0.0,False,False,True,0.071,Low Risk,0
606,0,61,5,108166.09,2,0,1,8643.21,57676.008,2,12.51,True,False,False,0.246,Low Risk,0
650,0,20,8,0.0,2,1,1,113469.65,35640.895,2,0.0,False,False,True,0.016,Low Risk,0
678,1,34,6,0.0,2,1,1,124592.84,38577.852,2,0.0,True,False,False,0.037,Low Risk,0
664,1,36,2,127160.78,2,1,0,78140.75,87422.61499999999,0,1.63,False,True,False,0.408,Medium Risk,0
627,0,44,6,153548.12,1,0,0,35300.08,88564.084,0,4.35,True,False,False,0.687,High Risk,1
649,1,36,6,86607.39,1,0,0,19825.09,50451.222,0,4.37,False,False,True,0.519,High Risk,0
779,0,33,1,158456.76,1,1,1,197000.92,138528.65600000002,1,0.8,False,True,False,0.279,Low Risk,1
766,0,47,9,129289.98,1,1,0,169935.46,117425.628,0,0.76,False,True,False,0.931,Critical Risk,1
684,1,38,3,0.0,2,1,0,44255.65,13876.695,0,0.0,False,False,True,0.085,Low Risk,0
744,0,42,1,112419.92,1,1,1,83022.92,81316.836,1,1.35,True,False,False,0.211,Low Risk,0
783,1,58,3,127539.3,1,1,1,96590.39,93346.767,1,1.32,False,True,False,0.583,High Risk,1
744,0,30,1,128065.12,1,1,0,121525.48,100690.204,0,1.05,False,False,True,0.301,Medium Risk,0
513,0,35,8,0.0,1,1,0,76640.29,24592.087,0,0.0,True,False,False,0.421,Medium Risk,1
758,0,33,0,129142.54,2,1,1,26606.28,72553.154,2,4.85,False,True,False,0.113,Low Risk,0
622,1,28,1,143124.63,2,1,0,81723.8,96279.455,0,1.75,False,True,False,0.307,Medium Risk,0
680,0,44,0,129974.79,2,1,1,33391.38,75004.809,2,3.89,False,True,False,0.396,Medium Risk,0
667,1,44,5,140406.68,2,0,1,57164.19,88352.597,2,2.46,False,True,False,0.359,Medium Risk,0
635,0,24,4,140197.18,1,1,1,142935.83,113779.339,1,0.98,False,False,True,0.078,Low Risk,0
546,1,27,8,0.0,2,1,1,14858.1,6057.43,2,0.0,True,False,False,0.056,Low Risk,0
610,1,35,7,81905.95,1,1,1,61623.19,60839.932,1,1.33,True,False,False,0.084,Low Risk,0
678,0,36,1,117864.85,2,1,0,27619.06,67418.14300000001,0,4.27,False,True,False,0.394,Medium Risk,0
599,0,35,6,137102.65,1,0,0,76870.81,92812.568,0,1.78,False,False,True,0.361,Medium Risk,0
589,1,50,4,0.0,2,0,1,182076.97,55423.091,2,0.0,True,False,False,0.302,Medium Risk,0
698,0,29,5,95167.55,1,1,1,152723.23,94400.744,1,0.62,True,False,False,0.083,Low Risk,0
748,0,45,2,119852.01,1,0,0,73853.94,82482.187,0,1.62,False,True,False,0.925,Critical Risk,1
535,0,48,9,109472.47,1,1,0,157358.43,103743.764,0,0.7,False,False,True,0.666,High Risk,1
601,1,48,8,120782.7,1,1,0,63940.68,81173.554,0,1.89,False,True,False,0.9,Critical Risk,1
810,1,38,9,153166.17,1,1,1,93261.69,106361.592,1,1.64,True,False,False,0.099,Low Risk,0
570,0,21,7,116099.82,1,1,1,148087.62,103876.196,1,0.78,False,False,True,0.073,Low Risk,0
696,0,41,9,127523.75,1,0,1,191417.42,122987.101,1,0.67,False,False,True,0.207,Low Risk,0
656,1,49,9,97092.87,1,1,0,74771.22,72777.80099999999,0,1.3,False,True,False,0.889,Critical Risk,1
838,1,41,5,0.0,2,1,0,81313.51,25394.053,0,0.0,False,False,True,0.211,Low Risk,0
585,1,56,1,128472.8,1,1,0,186476.91,120379.473,0,0.69,False,False,True,0.721,Critical Risk,1
594,0,61,3,62391.22,1,1,1,192434.11,89525.843,1,0.32,True,False,False,0.4,Medium Risk,0
688,0,41,2,112871.19,2,0,1,65520.74,76491.817,2,1.72,False,True,False,0.317,Medium Risk,0
762,0,26,6,130428.78,1,1,0,173365.89,118424.157,0,0.75,True,False,False,0.23,Low Risk,0
669,0,25,1,157848.53,1,0,0,37543.93,90387.444,0,4.2,True,False,False,0.265,Low Risk,1
602,1,63,7,0.0,2,1,1,56323.21,18296.963,2,0.0,True,False,False,0.064,Low Risk,0
504,1,44,0,131873.07,2,1,1,158036.72,113347.551,2,0.83,False,True,False,0.407,Medium Risk,1
682,0,38,4,107192.38,1,1,1,15669.17,59096.941000000006,1,6.84,True,False,False,0.149,Low Risk,0
850,1,45,5,127258.79,1,1,1,192744.23,122452.664,1,0.66,False,True,False,0.551,High Risk,1
567,0,54,9,96402.96,1,0,0,52035.29,65612.06700000001,0,1.85,True,False,False,0.778,Critical Risk,1
617,0,50,7,0.0,1,1,0,184839.7,56851.91,0,0.0,False,False,True,0.775,Critical Risk,1
652,0,51,7,0.0,2,0,1,43496.36,14448.908,2,0.0,True,False,False,0.138,Low Risk,0
835,1,47,5,108289.28,2,1,1,45859.55,68902.505,2,2.36,False,True,False,0.361,Medium Risk,1
688,1,32,6,123157.95,1,1,0,172531.23,114538.344,0,0.71,True,False,False,0.225,Low Risk,0
646,1,37,7,96558.66,1,0,0,163427.18,98707.484,0,0.59,True,False,False,0.393,Medium Risk,0
743,0,30,7,77599.23,1,0,0,144407.1,83521.745,0,0.54,True,False,False,0.28,Low Risk,0
507,1,29,4,89349.47,2,0,0,180626.68,99662.739,0,0.49,True,False,False,0.194,Low Risk,0
652,0,31,2,119148.55,1,0,0,149740.22,104896.341,0,0.8,True,False,False,0.271,Low Risk,0
588,1,35,7,0.0,2,1,1,108739.15,34021.744999999995,2,0.0,False,False,True,0.032,Low Risk,0
640,1,20,4,0.0,2,0,1,78310.82,24293.246000000003,2,0.0,True,False,False,0.045,Low Risk,0
545,0,37,9,95829.13,2,0,1,104936.88,81195.629,2,0.91,False,True,False,0.107,Low Risk,0
350,1,40,0,111098.85,1,1,1,172321.21,107245.788,1,0.64,True,False,False,0.262,Low Risk,1
651,0,41,1,90218.11,1,1,0,174337.68,97610.359,0,0.52,False,True,False,0.77,Critical Risk,0
672,0,52,8,170008.84,1,0,0,56407.42,103526.646,0,3.01,True,False,False,0.854,Critical Risk,1
438,0,31,8,78398.69,1,1,0,44937.01,54280.448,0,1.74,False,True,False,0.366,Medium Risk,0
556,0,40,5,125909.85,1,1,1,95124.4,92492.245,1,1.32,True,False,False,0.154,Low Risk,0
719,0,36,3,155423.17,1,1,1,199841.32,138263.981,1,0.78,True,False,False,0.171,Low Risk,0
578,0,23,10,88980.32,1,1,1,125222.36,84056.868,1,0.71,True,False,False,0.074,Low Risk,0
674,1,21,9,120150.39,2,1,1,33964.03,72064.404,2,3.54,True,False,False,0.054,Low Risk,0
692,1,36,3,79551.12,1,0,1,178267.07,93855.681,1,0.45,True,False,False,0.253,Low Risk,0
719,0,38,0,0.0,1,1,0,126876.47,38062.941,0,0.0,False,False,True,0.571,High Risk,0
840,1,51,1,87779.83,1,0,1,36687.11,55096.048,1,2.39,False,True,False,0.599,High Risk,1
526,0,28,1,112070.44,1,0,1,126281.83,94119.769,1,0.89,True,False,False,0.103,Low Risk,0
468,1,56,10,0.0,3,0,1,62256.87,20677.061,3,0.0,True,False,False,0.535,High Risk,1
625,1,49,4,128504.76,1,1,0,126812.63,103096.169,0,1.01,False,True,False,0.92,Critical Risk,1
495,0,47,10,137682.68,1,1,0,71071.47,92162.781,0,1.94,True,False,False,0.599,High Risk,0
659,0,36,6,123841.49,2,1,0,96833.0,92170.645,0,1.28,True,False,False,0.254,Low Risk,0
787,1,85,10,0.0,2,1,1,116537.96,36961.388,2,0.0,True,False,False,0.077,Low Risk,0
673,1,43,5,168069.73,1,1,1,146992.24,129132.537,1,1.14,True,False,False,0.345,Medium Risk,1
695,1,53,8,95231.91,1,0,0,70140.8,70258.195,0,1.36,False,True,False,0.928,Critical Risk,1
690,1,54,1,144027.8,1,1,1,108731.02,104833.206,1,1.32,False,True,False,0.606,High Risk,1
720,0,60,9,115920.62,2,0,0,157552.08,107025.934,0,0.74,False,True,False,0.849,Critical Risk,1
432,1,45,3,110219.14,1,1,0,43046.7,68623.58,0,2.56,False,True,False,0.85,Critical Risk,1
641,0,31,10,155978.17,1,1,0,91510.71,107442.298,0,1.7,True,False,False,0.238,Low Risk,0
676,0,48,3,80697.44,1,0,0,101397.86,71368.07800000001,0,0.8,False,True,False,0.9,Critical Risk,0
468,0,46,7,91443.75,1,1,0,10958.18,50409.329,0,8.34,True,False,False,0.653,High Risk,0
515,1,28,9,0.0,2,0,0,94141.75,30042.525,0,0.0,True,False,False,0.078,Low Risk,0
671,0,32,6,123912.78,2,1,1,146636.44,107147.322,2,0.85,False,False,True,0.061,Low Risk,0
772,0,26,7,152400.51,2,1,0,79414.0,101424.455,0,1.92,False,True,False,0.303,Medium Risk,0
571,0,40,10,112896.86,1,1,1,121402.53,94869.189,1,0.93,True,False,False,0.164,Low Risk,0
726,1,42,2,109471.79,1,0,1,175161.05,107684.21,1,0.62,True,False,False,0.348,Medium Risk,0
606,1,23,10,70417.79,1,0,1,90896.04,64477.707,1,0.77,False,False,True,0.145,Low Risk,0
624,1,35,7,119656.45,2,1,1,4595.05,62606.74,2,26.04,False,False,True,0.108,Low Risk,0
636,0,67,7,136709.35,1,0,1,66753.1,89780.60500000001,1,2.05,False,True,False,0.548,High Risk,1
463,1,41,8,123151.51,2,1,0,70127.93,84214.13399999999,0,1.76,False,True,False,0.516,High Risk,0
635,1,65,5,117325.54,1,1,0,155799.86,106402.728,0,0.75,False,True,False,0.898,Critical Risk,1
576,0,52,2,100549.43,2,1,1,16644.16,55667.963,2,6.04,False,False,True,0.258,Low Risk,0
795,1,56,5,0.0,1,1,0,35418.69,11625.607,0,0.0,False,False,True,0.889,Critical Risk,1
521,1,39,6,0.0,2,0,1,27375.15,9412.545,2,0.0,True,False,False,0.069,Low Risk,0
554,0,26,4,121365.39,1,1,1,8742.36,64105.403,1,13.88,False,True,False,0.235,Low Risk,0
733,0,44,3,106070.89,1,0,1,101617.43,84120.674,1,1.04,False,False,True,0.315,Medium Risk,0
718,1,49,10,0.0,1,1,0,184474.72,57342.416,0,0.0,True,False,False,0.782,Critical Risk,1
554,1,39,10,160132.75,1,1,0,32824.15,91913.62,0,4.88,True,False,False,0.36,Medium Risk,0
490,0,34,5,122952.9,2,0,0,154360.97,108784.741,0,0.8,True,False,False,0.234,Low Risk,0
652,1,42,4,0.0,2,1,1,38152.01,12245.603,2,0.0,False,False,True,0.07,Low Risk,0
674,0,26,6,166257.96,1,1,1,149369.41,129139.803,1,1.11,True,False,False,0.105,Low Risk,0
498,1,29,9,0.0,1,1,0,190035.83,58810.749,0,0.0,True,False,False,0.429,Medium Risk,0
811,0,42,10,0.0,2,1,1,3797.79,3139.337,2,0.0,True,False,False,0.113,Low Risk,0
850,0,31,6,131996.66,2,1,1,178747.43,120822.559,2,0.74,True,False,False,0.052,Low Risk,0
634,0,36,2,85996.19,1,1,0,15887.68,48164.399000000005,0,5.41,False,False,True,0.465,Medium Risk,0
588,1,64,3,0.0,1,1,1,189703.65,57511.095,1,0.0,True,False,False,0.378,Medium Risk,0
663,1,36,6,77253.5,1,0,0,35817.97,50572.141,0,2.16,False,True,False,0.51,High Risk,1
609,0,39,3,121778.71,1,1,1,138399.67,103009.256,1,0.88,True,False,False,0.155,Low Risk,0
817,1,46,0,89087.89,1,0,1,87941.85,70926.5,1,1.01,False,True,False,0.744,Critical Risk,1
763,0,32,9,160680.41,1,1,0,30886.35,91406.11,0,5.2,False,True,False,0.539,High Risk,0
634,0,38,2,148430.55,1,1,1,56055.72,91431.991,1,2.65,False,True,False,0.345,Medium Risk,0
708,0,19,7,112615.86,1,1,1,4491.77,59055.461,1,25.07,False,False,True,0.091,Low Risk,0
529,0,34,9,0.0,1,1,1,93208.22,29762.466,1,0.0,False,False,True,0.174,Low Risk,0
793,0,52,2,0.0,1,1,0,159123.82,48137.146,0,0.0,False,False,True,0.904,Critical Risk,1
786,0,29,7,80895.44,2,1,0,64945.57,61331.391,0,1.25,False,False,True,0.195,Low Risk,0
642,1,33,9,0.0,2,1,1,150475.14,46942.542,2,0.0,False,False,True,0.026,Low Risk,0
603,0,35,1,123407.69,1,1,0,152541.89,107666.412,0,0.81,False,True,False,0.624,High Risk,1
582,0,31,2,0.0,2,1,1,33747.03,10524.109,2,0.0,True,False,False,0.021,Low Risk,0
598,1,35,8,0.0,3,0,1,88658.73,28197.619,3,0.0,False,False,True,0.425,Medium Risk,0
644,0,47,9,137774.11,2,1,0,151902.78,116257.889,0,0.91,False,True,False,0.756,Critical Risk,0
627,0,29,5,139541.58,2,1,0,80607.33,94952.989,0,1.73,False,True,False,0.339,Medium Risk,0
556,0,33,3,124213.36,2,1,0,62627.55,81494.945,0,1.98,False,True,False,0.374,Medium Risk,0
696,0,24,9,0.0,1,0,0,10883.52,5065.0560000000005,0,0.0,False,False,True,0.358,Medium Risk,0
454,1,48,5,144837.79,1,1,1,93151.77,101364.426,1,1.55,False,False,True,0.268,Low Risk,0
850,0,31,1,96399.31,2,1,0,106534.15,80359.9,0,0.9,True,False,False,0.117,Low Risk,0
606,0,34,3,161572.24,1,0,1,191076.22,138708.986,1,0.85,False,False,True,0.251,Low Risk,0
746,0,49,7,0.0,2,0,1,10096.25,4428.875,2,0.0,False,False,True,0.091,Low Risk,0
734,0,51,1,118537.47,1,1,1,116912.45,94542.47,1,1.01,True,False,False,0.321,Medium Risk,0
694,0,47,4,0.0,2,1,0,197528.62,60058.586,0,0.0,True,False,False,0.333,Medium Risk,0
622,1,32,6,169089.38,2,1,0,101057.95,116062.075,0,1.67,True,False,False,0.271,Low Risk,0
641,0,31,9,112494.99,1,1,1,32231.6,67716.975,1,3.49,True,False,False,0.062,Low Risk,0
539,1,22,0,100885.93,2,1,1,38772.65,62074.76,2,2.6,True,False,False,0.076,Low Risk,0
626,1,23,6,85897.95,1,1,0,109742.8,77071.815,0,0.78,False,True,False,0.364,Medium Risk,0
662,0,29,5,147092.65,1,1,0,10928.3,77824.815,0,13.46,True,False,False,0.299,Low Risk,0
496,1,41,1,176024.05,2,1,0,182337.98,142913.419,0,0.97,True,False,False,0.537,High Risk,0
719,1,35,8,0.0,1,1,1,165162.4,51148.72,1,0.0,False,False,True,0.174,Low Risk,0
694,1,35,7,0.0,1,1,0,133570.43,41471.12899999999,0,0.0,False,False,True,0.483,Medium Risk,1
629,0,35,8,112330.83,1,1,1,91001.02,85065.721,1,1.23,False,True,False,0.303,Medium Risk,0
707,1,46,7,127476.73,2,1,1,146011.55,108941.83,2,0.87,True,False,False,0.274,Low Risk,0
640,0,45,1,0.0,1,1,1,10908.33,3472.499,1,0.0,True,False,False,0.709,Critical Risk,0
760,1,32,7,0.0,2,1,1,105969.05,33190.715,2,0.0,True,False,False,0.021,Low Risk,0
774,0,34,4,120875.23,2,0,1,113407.26,95259.793,2,1.07,False,True,False,0.16,Low Risk,0
710,0,34,9,134260.36,2,1,0,147074.67,113052.581,0,0.91,False,True,False,0.329,Medium Risk,0
562,0,36,5,0.0,1,0,1,182843.24,55852.972,1,0.0,False,False,True,0.463,Medium Risk,0
569,0,37,9,178755.84,1,1,0,199929.17,151156.671,0,0.89,True,False,False,0.413,Medium Risk,0
685,1,43,6,117302.62,1,0,0,68701.73,80461.829,0,1.71,False,False,True,0.625,High Risk,0
516,0,37,8,0.0,1,1,0,101834.58,32150.374,0,0.0,True,False,False,0.474,Medium Risk,0
850,1,32,8,0.0,2,1,1,55593.8,18278.14,2,0.0,True,False,False,0.031,Low Risk,0
559,1,40,7,144470.77,1,1,1,18917.95,79310.76999999999,1,7.64,False,False,True,0.141,Low Risk,0
757,0,30,3,145396.49,1,0,1,198341.15,132800.59,1,0.73,False,False,True,0.2,Low Risk,0
651,1,25,2,109175.14,2,1,0,114566.47,89357.511,0,0.95,False,True,False,0.346,Medium Risk,0
740,0,36,4,172381.8,1,1,1,86480.29,112934.987,1,1.99,True,False,False,0.111,Low Risk,0
545,1,55,5,0.0,1,0,0,10034.77,4010.431,0,0.0,True,False,False,0.803,Critical Risk,1
641,0,40,5,102145.13,1,1,1,100637.07,82263.686,1,1.01,False,False,True,0.154,Low Risk,0
669,1,35,7,0.0,1,1,1,49108.23,16132.469,1,0.0,True,False,False,0.266,Low Risk,1
655,0,37,4,0.0,2,1,1,142415.97,43524.791,2,0.0,True,False,False,0.027,Low Risk,0
729,1,39,1,131513.26,1,1,1,193715.0,124071.13,1,0.68,False,True,False,0.52,High Risk,0
512,0,33,3,176666.62,1,1,0,94670.77,117334.541,0,1.87,False,False,True,0.412,Medium Risk,0
621,0,31,7,136658.61,1,1,1,148689.13,114336.044,1,0.92,True,False,False,0.092,Low Risk,0
693,0,31,1,0.0,2,0,1,182270.88,54881.264,2,0.0,True,False,False,0.097,Low Risk,0
708,0,33,3,0.0,2,1,0,138613.21,42183.963,0,0.0,False,False,True,0.08,Low Risk,0
754,1,19,9,0.0,1,1,0,189641.11,58692.33299999999,0,0.0,False,False,True,0.326,Medium Risk,0
778,1,48,3,102290.56,2,1,0,182691.31,106552.673,0,0.56,False,True,False,0.773,Critical Risk,0
651,1,35,1,163700.78,3,1,1,29583.48,90925.434,3,5.53,False,True,False,0.762,Critical Risk,1
608,0,50,6,0.0,1,1,0,93568.77,29270.631,0,0.0,True,False,False,0.906,Critical Risk,1
702,1,60,5,138597.54,2,1,1,41536.59,82759.747,2,3.34,False,True,False,0.285,Low Risk,1
613,1,24,7,140453.91,1,1,0,129001.3,110327.345,0,1.09,True,False,False,0.202,Low Risk,0
717,0,36,2,148061.89,1,1,0,179128.69,128169.552,0,0.83,True,False,False,0.383,Medium Risk,1
463,0,35,2,101257.16,1,1,1,118113.64,86462.67199999999,1,0.86,True,False,False,0.083,Low Risk,0
692,0,24,2,120596.93,1,0,1,180490.53,114845.624,1,0.67,False,True,False,0.281,Low Risk,0
684,1,40,6,137326.65,1,1,0,186976.6,125956.305,0,0.73,False,True,False,0.703,Critical Risk,0
678,1,49,1,0.0,2,1,1,102472.9,30941.869999999995,2,0.0,False,False,True,0.099,Low Risk,0
619,0,40,9,103604.31,2,0,0,140947.05,95886.27,0,0.74,False,True,False,0.531,High Risk,0
632,1,40,3,109740.62,1,1,0,141896.74,98039.332,0,0.77,False,False,True,0.431,Medium Risk,0
576,0,32,7,0.0,2,1,0,4660.91,2798.273,0,0.0,True,False,False,0.077,Low Risk,0
791,0,25,7,0.0,1,1,0,89666.28,28299.884,0,0.0,False,False,True,0.327,Medium Risk,0
509,0,26,10,0.0,2,1,1,6177.83,3853.349,2,0.0,True,False,False,0.056,Low Risk,0
567,0,36,7,0.0,2,0,1,3896.08,2568.824,2,0.0,True,False,False,0.037,Low Risk,0
630,1,28,8,106425.75,1,1,1,20344.84,60916.327,1,5.23,False,True,False,0.28,Low Risk,0
674,1,27,4,79144.34,1,0,1,50743.83,55595.319,1,1.56,True,False,False,0.122,Low Risk,0
663,0,37,7,143625.83,2,0,1,176487.05,126159.03,2,0.81,False,True,False,0.146,Low Risk,0
626,0,62,3,0.0,1,1,1,65010.74,20103.222,1,0.0,False,False,True,0.341,Medium Risk,0
710,0,37,6,135795.63,1,0,1,46523.6,83054.895,1,2.92,False,True,False,0.439,Medium Risk,0
698,0,45,5,164450.94,1,1,0,141970.02,125816.476,0,1.16,False,False,True,0.685,High Risk,1
754,1,55,3,161608.81,1,1,0,8080.85,83828.66,0,20.0,False,True,False,0.855,Critical Risk,1
520,0,34,4,134007.9,1,1,1,193209.11,125766.683,1,0.69,True,False,False,0.134,Low Risk,0
706,1,46,7,111288.18,1,1,1,149170.25,101795.165,1,0.75,False,True,False,0.693,High Risk,1
738,0,31,9,79019.8,1,1,1,18606.23,46891.769,1,4.25,False,False,True,0.055,Low Risk,0
850,1,39,6,0.0,2,1,0,103921.43,32376.429,0,0.0,False,False,True,0.071,Low Risk,0
750,1,39,6,0.0,2,0,0,19264.33,6979.299,0,0.0,False,False,True,0.152,Low Risk,0
617,0,54,6,102141.9,1,1,1,45325.26,65868.52799999999,1,2.25,True,False,False,0.29,Low Risk,0
616,0,37,9,0.0,1,1,0,111312.96,35193.888,0,0.0,True,False,False,0.5,High Risk,0
548,0,32,5,175214.71,1,1,1,155165.61,135157.038,1,1.13,False,True,False,0.251,Low Risk,0
507,0,40,3,120105.43,1,1,0,92075.01,88275.218,0,1.3,False,True,False,0.772,Critical Risk,1
809,1,38,2,154763.21,2,1,1,174800.31,130221.698,2,0.89,True,False,False,0.06,Low Risk,0
673,1,38,2,170061.92,2,0,0,134901.34,125901.362,0,1.26,True,False,False,0.457,Medium Risk,1
487,0,44,6,61691.45,1,1,1,53087.98,47972.119,1,1.16,False,False,True,0.373,Medium Risk,0
782,1,41,4,0.0,1,1,0,132943.88,40683.164,0,0.0,False,False,True,0.673,High Risk,0
778,0,42,6,0.0,2,1,1,106197.44,33059.232,2,0.0,True,False,False,0.065,Low Risk,0
608,1,56,5,0.0,2,0,1,153810.41,47143.123,2,0.0,False,False,True,0.19,Low Risk,0
526,1,37,5,53573.18,1,1,0,62830.97,46635.881,0,0.85,True,False,False,0.379,Medium Risk,0
638,1,53,1,123916.67,1,1,0,16657.68,67155.639,0,7.44,False,True,False,0.902,Critical Risk,1
681,0,34,7,0.0,2,0,0,130686.59,40605.977,0,0.0,True,False,False,0.122,Low Risk,0
693,0,44,5,124601.58,2,1,1,46998.13,77400.22899999999,2,2.65,False,True,False,0.379,Medium Risk,1
529,0,61,1,0.0,2,1,1,191370.97,57611.291,2,0.0,True,False,False,0.209,Low Risk,0
779,1,38,7,0.0,2,1,1,138542.87,42962.861,2,0.0,False,False,True,0.024,Low Risk,0
550,1,45,8,111257.59,1,0,0,97623.42,86515.821,0,1.14,False,True,False,0.906,Critical Risk,1
535,0,35,8,118989.92,1,1,1,135536.72,101755.976,1,0.88,False,False,True,0.077,Low Risk,0
618,0,44,5,157955.83,2,0,0,139297.71,121767.228,0,1.13,False,True,False,0.716,Critical Risk,0
458,0,35,9,146780.52,2,1,1,3476.38,76233.174,2,42.22,False,True,False,0.107,Low Risk,0
539,0,38,5,0.0,2,1,0,47388.41,15216.523,0,0.0,True,False,False,0.078,Low Risk,0
715,1,38,0,0.0,2,1,1,332.81,99.843,2,0.0,True,False,False,0.192,Low Risk,0
592,1,41,2,138734.94,1,1,0,90020.74,96773.692,0,1.54,False,False,True,0.475,Medium Risk,0
645,0,29,1,130131.08,2,0,1,196474.35,124207.845,2,0.66,True,False,False,0.072,Low Risk,0
733,0,38,9,111347.37,2,0,1,194872.97,115935.576,2,0.57,False,True,False,0.163,Low Risk,0
565,1,58,3,108888.24,3,0,1,135875.51,95806.773,3,0.8,False,True,False,0.891,Critical Risk,1
566,0,34,3,0.0,1,0,0,188135.69,57040.707,0,0.0,True,False,False,0.72,Critical Risk,0
569,1,42,1,0.0,1,1,1,83629.6,25288.88,1,0.0,False,False,True,0.412,Medium Risk,1
680,0,34,3,143292.95,1,1,0,66526.01,92204.278,0,2.15,True,False,False,0.325,Medium Risk,0
564,0,31,4,0.0,2,1,0,53520.03,16856.009,0,0.0,True,False,False,0.073,Low Risk,0
601,0,39,3,72647.64,1,1,0,41777.9,49457.19,0,1.74,True,False,False,0.332,Medium Risk,1
771,1,33,5,0.0,2,1,0,8673.43,3602.029,0,0.0,False,False,True,0.076,Low Risk,0
636,1,32,8,0.0,2,1,0,138555.46,43166.638,0,0.0,False,False,True,0.072,Low Risk,0
659,0,39,8,106259.63,2,1,1,198103.32,114160.811,2,0.54,False,True,False,0.178,Low Risk,0
678,1,43,2,153393.18,2,1,1,193828.27,135245.071,2,0.79,False,True,False,0.246,Low Risk,0
732,0,46,0,0.0,2,1,1,184350.78,55305.234,2,0.0,True,False,False,0.159,Low Risk,0
651,0,28,10,79562.98,1,1,1,74687.37,64187.701,1,1.07,True,False,False,0.072,Low Risk,0
755,1,78,5,121206.96,1,1,1,76016.49,84408.427,1,1.59,True,False,False,0.11,Low Risk,0
674,0,45,7,142072.02,1,1,0,37013.29,83539.99699999999,0,3.84,True,False,False,0.656,High Risk,0
659,0,20,8,0.0,2,0,0,112572.02,35371.606,0,0.0,True,False,False,0.112,Low Risk,0
721,1,49,1,120108.56,1,0,1,183421.76,115280.808,1,0.65,True,False,False,0.384,Medium Risk,0
766,1,26,3,104258.8,1,1,1,428.23,52857.869,1,243.46,True,False,False,0.196,Low Risk,0
575,1,30,8,0.0,2,1,0,185341.63,57202.489,0,0.0,False,False,True,0.063,Low Risk,0
537,0,42,1,190569.23,1,0,1,127154.8,133631.055,1,1.5,False,False,True,0.466,Medium Risk,0
633,1,33,4,92855.02,1,1,1,159813.18,95171.464,1,0.58,False,False,True,0.087,Low Risk,0
707,0,40,1,0.0,2,1,0,14090.4,4427.12,0,0.0,True,False,False,0.139,Low Risk,1
602,0,38,7,111835.94,2,1,0,124389.61,94634.853,0,0.9,True,False,False,0.296,Low Risk,0
684,0,42,1,117691.0,1,1,1,23135.65,65986.195,1,5.09,False,True,False,0.618,High Risk,1
621,0,39,6,0.0,2,1,1,58883.91,18865.173,2,0.0,True,False,False,0.05,Low Risk,0
777,1,30,4,137851.31,1,1,0,5008.23,71228.124,0,27.52,True,False,False,0.227,Low Risk,1
828,0,30,4,73070.18,2,0,0,161671.15,85836.435,0,0.45,True,False,False,0.134,Low Risk,0
573,0,30,8,127406.5,1,1,0,192950.6,123188.43,0,0.66,False,True,False,0.579,High Risk,0
673,0,43,8,127132.96,1,0,1,6009.27,66969.261,1,21.16,False,False,True,0.3,Medium Risk,1
481,0,44,9,175303.06,1,1,0,65500.53,109101.689,0,2.68,True,False,False,0.581,High Risk,1
738,0,44,2,0.0,2,1,0,43018.82,13305.646,0,0.0,False,False,True,0.239,Low Risk,1
562,1,27,3,0.0,2,1,0,28137.03,9041.109,0,0.0,True,False,False,0.059,Low Risk,0
707,1,53,6,109663.47,1,1,1,52110.45,71664.87,1,2.1,False,False,True,0.236,Low Risk,0
604,1,47,4,118907.6,1,0,1,47777.15,74586.945,1,2.49,False,True,False,0.781,Critical Risk,1
655,0,32,9,113447.01,1,1,0,82084.3,83148.795,0,1.38,False,True,False,0.584,High Risk,0
674,0,44,3,88902.21,1,1,0,73731.32,67170.501,0,1.21,False,True,False,0.86,Critical Risk,0
663,0,52,0,136298.65,1,1,0,144593.3,111527.315,0,0.94,False,False,True,0.795,Critical Risk,1
510,1,38,4,0.0,1,1,0,118913.53,36474.059,0,0.0,False,False,True,0.47,Medium Risk,1
704,1,45,6,0.0,1,1,1,137739.45,42521.835,1,0.0,True,False,False,0.379,Medium Risk,0
659,0,35,6,0.0,2,1,1,58879.11,18863.733,2,0.0,True,False,False,0.033,Low Risk,0
682,0,41,6,0.0,2,0,1,134158.09,41447.427,2,0.0,True,False,False,0.085,Low Risk,1
598,1,56,4,98365.33,1,1,1,44251.33,63258.064,1,2.22,False,False,True,0.278,Low Risk,0
552,1,42,8,103362.14,1,0,1,186869.58,109341.944,1,0.55,False,True,False,0.648,High Risk,1
587,1,37,6,104414.03,1,1,0,192026.02,111014.821,0,0.54,False,True,False,0.722,Critical Risk,0
686,0,37,9,134560.62,1,1,0,27596.39,77359.227,0,4.88,True,False,False,0.312,Medium Risk,0
697,0,30,1,0.0,2,0,0,735.79,420.737,0,0.0,False,False,True,0.325,Medium Risk,0
778,1,45,1,162150.42,2,1,0,174531.27,133634.591,0,0.93,False,True,False,0.515,High Risk,0
850,0,36,7,102800.72,1,1,1,87352.43,79006.08899999999,1,1.18,False,True,False,0.275,Low Risk,0
656,0,36,8,97786.08,2,0,1,21478.36,56936.548,2,4.55,True,False,False,0.113,Low Risk,0
656,1,32,1,104254.27,1,1,1,17034.37,57437.446,1,6.12,False,False,True,0.086,Low Risk,0
849,0,69,7,71996.09,1,1,1,139065.94,79117.82699999999,1,0.52,True,False,False,0.121,Low Risk,0
632,0,47,3,0.0,2,1,0,178822.32,54246.696,0,0.0,False,False,True,0.311,Medium Risk,0
770,0,30,8,0.0,2,0,1,50839.85,16851.954999999998,2,0.0,False,False,True,0.017,Low Risk,0
681,0,36,5,141952.07,1,1,1,185144.08,127519.259,1,0.77,True,False,False,0.117,Low Risk,0
660,0,37,2,97324.91,1,1,0,23291.83,56050.004,0,4.18,True,False,False,0.292,Low Risk,0
649,1,36,8,0.0,2,0,1,109179.89,34353.967,2,0.0,True,False,False,0.042,Low Risk,0
807,1,42,9,105356.09,2,1,1,130489.37,93624.856,2,0.81,False,True,False,0.272,Low Risk,0
765,0,44,6,0.0,2,1,1,159899.97,49169.991,2,0.0,True,False,False,0.089,Low Risk,0
824,0,49,8,133231.48,1,1,1,67885.37,88581.351,1,1.96,False,True,False,0.608,High Risk,0
619,0,25,4,0.0,1,1,0,145524.36,44457.308,0,0.0,True,False,False,0.427,Medium Risk,0
555,1,35,1,0.0,2,1,0,101667.0,30700.1,0,0.0,False,False,True,0.085,Low Risk,0
764,0,28,10,124023.18,1,1,0,166188.28,113868.074,0,0.75,False,True,False,0.43,Medium Risk,0
752,1,53,8,114233.18,1,1,1,51587.04,74192.70199999999,1,2.21,True,False,False,0.253,Low Risk,0
772,0,42,3,75075.31,2,1,0,92888.52,66004.211,0,0.81,False,True,False,0.459,Medium Risk,1
660,1,40,8,167181.01,1,1,1,185156.94,140737.587,1,0.9,True,False,False,0.227,Low Risk,0
670,0,40,2,164948.98,3,0,0,177028.0,135982.89,0,0.93,False,True,False,0.701,Critical Risk,1
654,0,32,9,121455.65,1,1,0,190068.53,119548.384,0,0.64,True,False,False,0.187,Low Risk,1
754,0,61,5,146622.35,1,1,1,41815.22,86855.74100000001,1,3.51,True,False,False,0.189,Low Risk,1
613,0,41,7,0.0,2,1,0,60297.72,19489.316,0,0.0,True,False,False,0.175,Low Risk,0
581,0,37,7,0.0,2,1,1,74320.75,23696.225,2,0.0,True,False,False,0.029,Low Risk,0
521,0,43,8,0.0,1,1,1,93180.09,29554.027,1,0.0,True,False,False,0.381,Medium Risk,0
498,0,34,5,0.0,2,1,1,91711.66,28513.498,2,0.0,True,False,False,0.025,Low Risk,0
416,1,25,0,97738.97,2,1,1,160523.33,97026.484,2,0.61,False,True,False,0.11,Low Risk,0
708,1,59,2,0.0,1,1,0,179673.11,54301.933,0,0.0,True,False,False,0.892,Critical Risk,1
737,1,45,2,99169.67,2,1,1,78650.95,73580.12,2,1.26,False,True,False,0.404,Medium Risk,0
819,0,35,1,0.0,2,0,1,3385.04,1215.512,2,0.0,True,False,False,0.042,Low Risk,0
533,1,35,8,0.0,2,1,1,187900.12,57970.036,2,0.0,True,False,False,0.044,Low Risk,0
641,1,40,4,101090.27,1,1,1,51703.09,66856.062,1,1.96,False,False,True,0.161,Low Risk,0
688,0,26,0,0.0,2,1,0,105784.85,31735.455,0,0.0,True,False,False,0.097,Low Risk,0
756,1,34,2,148200.72,1,0,0,194584.48,132875.704,0,0.76,False,True,False,0.506,High Risk,0
807,0,43,1,105799.32,2,1,0,34888.04,63566.072,0,3.03,True,False,False,0.31,Medium Risk,1
769,0,29,2,123757.52,2,1,0,84872.66,87740.558,0,1.46,True,False,False,0.186,Low Risk,0
489,1,38,5,117289.92,1,0,0,85231.88,85214.524,0,1.38,True,False,False,0.341,Medium Risk,0
545,1,44,1,0.0,2,1,1,82614.89,24984.467,2,0.0,False,False,True,0.085,Low Risk,0
773,0,51,8,116197.65,2,1,1,86701.4,85709.245,2,1.34,False,True,False,0.436,Medium Risk,0
727,0,38,2,62276.99,1,1,1,59280.79,49322.732,1,1.05,False,False,True,0.25,Low Risk,0
639,0,39,6,150555.83,1,1,0,30414.17,85602.166,0,4.95,True,False,False,0.428,Medium Risk,0
604,0,43,2,145081.72,1,1,1,23881.62,80105.346,1,6.08,False,False,True,0.234,Low Risk,0
585,0,37,6,152496.82,1,1,1,99907.29,107420.597,1,1.53,False,True,False,0.37,Medium Risk,0
769,0,51,9,156773.78,2,1,0,40257.79,92264.227,0,3.89,True,False,False,0.585,High Risk,0
581,0,28,3,104367.5,1,1,1,29937.75,61765.075,1,3.49,True,False,False,0.067,Low Risk,0
524,0,32,1,144875.71,1,0,0,187740.04,128959.867,0,0.77,True,False,False,0.346,Medium Risk,0
683,1,35,1,132371.3,2,0,0,186123.57,122222.721,0,0.71,False,True,False,0.393,Medium Risk,0
730,1,37,1,0.0,2,1,1,124364.63,37509.389,2,0.0,True,False,False,0.035,Low Risk,0
551,0,27,2,113873.22,1,1,1,85129.77,82875.541,1,1.34,False,False,True,0.06,Low Risk,1
764,1,40,9,100480.53,1,1,0,124095.69,89268.97200000001,0,0.81,True,False,False,0.407,Medium Risk,0
680,1,47,5,0.0,2,1,1,179843.33,54952.999,2,0.0,True,False,False,0.131,Low Risk,0
587,0,62,7,121286.27,1,0,1,6776.92,64076.211,1,17.9,False,False,True,0.258,Low Risk,0
675,0,42,2,92616.64,2,1,0,8567.18,49278.474,0,10.81,False,True,False,0.44,Medium Risk,0
735,0,41,7,179904.0,1,1,1,137180.95,132506.285,1,1.31,True,False,False,0.324,Medium Risk,0
653,0,38,8,119315.75,1,1,0,150468.35,106398.38,0,0.79,True,False,False,0.316,Medium Risk,0
615,0,66,7,0.0,2,1,1,74580.8,23774.24,2,0.0,True,False,False,0.038,Low Risk,0
789,0,51,3,104677.09,1,1,0,74265.38,75218.159,0,1.41,False,True,False,0.93,Critical Risk,0
579,0,36,9,129829.59,1,1,1,60906.12,84986.631,1,2.13,True,False,False,0.077,Low Risk,0
714,1,49,5,140510.89,1,1,0,141914.94,113829.927,0,0.99,False,True,False,0.915,Critical Risk,0
688,0,32,6,124179.3,1,1,1,138759.15,104917.395,1,0.89,False,False,True,0.077,Low Risk,0
518,0,46,4,113625.93,1,0,0,92727.42,85431.19099999999,0,1.23,False,True,False,0.944,Critical Risk,1
737,1,45,2,0.0,2,0,1,177695.67,53708.701,2,0.0,False,False,True,0.232,Low Risk,0
773,1,23,8,0.0,2,1,0,56759.79,18627.937,0,0.0,False,False,True,0.069,Low Risk,0
652,1,33,3,124832.51,1,1,0,195877.06,121779.373,0,0.64,False,False,True,0.298,Low Risk,0
834,0,38,8,0.0,2,1,1,66485.26,21545.578,2,0.0,False,False,True,0.029,Low Risk,0
586,0,42,6,126704.49,2,1,0,41682.3,77056.935,0,3.04,False,True,False,0.618,High Risk,0
618,0,41,8,37702.79,1,1,1,195775.48,79184.039,1,0.19,False,True,False,0.314,Medium Risk,0
650,0,33,0,98064.97,1,1,0,52411.99,64756.082,0,1.87,True,False,False,0.243,Low Risk,0
708,0,41,0,0.0,1,1,0,128400.62,38520.186,0,0.0,True,False,False,0.584,High Risk,0
544,0,22,3,66483.32,1,0,1,110317.39,66936.87700000001,1,0.6,False,False,True,0.215,Low Risk,0
710,1,31,5,0.0,2,1,0,9561.73,3868.519,0,0.0,False,False,True,0.073,Low Risk,0
525,1,23,5,0.0,2,1,0,160249.1,49074.73,0,0.0,True,False,False,0.123,Low Risk,0
825,0,29,3,148874.01,2,0,1,71192.82,96394.851,2,2.09,True,False,False,0.093,Low Risk,0
694,1,31,10,0.0,2,1,0,160990.27,50297.081,0,0.0,True,False,False,0.117,Low Risk,0
623,0,23,1,106012.2,2,0,1,191415.94,110630.882,2,0.55,True,False,False,0.078,Low Risk,0
630,0,33,9,0.0,2,1,0,64804.59,21241.377,0,0.0,True,False,False,0.056,Low Risk,0
570,1,29,4,153040.03,1,1,1,131363.57,116729.086,1,1.17,True,False,False,0.096,Low Risk,1
578,1,28,8,161592.76,1,1,0,177834.79,135746.817,0,0.91,False,False,True,0.31,Medium Risk,0
611,1,43,8,64897.75,1,1,0,114996.33,68547.774,0,0.56,True,False,False,0.659,High Risk,0
597,1,46,4,0.0,2,1,0,58667.16,18400.148,0,0.0,False,False,True,0.266,Low Risk,1
850,0,44,8,0.0,2,1,1,183617.32,56685.196,2,0.0,False,False,True,0.104,Low Risk,0
737,1,43,1,125537.38,1,1,0,138510.01,104521.693,0,0.91,False,True,False,0.884,Critical Risk,1
703,1,42,7,0.0,2,0,1,72500.68,23150.204,2,0.0,True,False,False,0.101,Low Risk,0
681,0,25,5,0.0,1,0,1,90860.97,28258.291,1,0.0,True,False,False,0.266,Low Risk,0
459,1,42,6,129634.25,2,1,1,177683.02,119322.031,2,0.73,False,False,True,0.255,Low Risk,1
850,1,39,2,148586.64,1,1,1,176791.27,127730.701,1,0.84,True,False,False,0.095,Low Risk,0
622,1,34,7,98675.74,1,1,0,138906.85,92409.925,0,0.71,False,True,False,0.505,High Risk,1
593,0,44,5,0.0,1,1,0,128046.98,39414.094,0,0.0,False,False,True,0.757,Critical Risk,0
708,1,51,8,70754.18,1,1,1,92920.04,64853.102,1,0.76,True,False,False,0.272,Low Risk,1
850,1,38,0,106831.69,1,0,1,148977.72,98109.161,1,0.72,True,False,False,0.162,Low Risk,0
733,0,48,7,85915.52,1,1,1,23860.5,51515.91,1,3.6,False,True,False,0.422,Medium Risk,0
697,0,43,7,115371.94,2,1,0,64139.1,78327.7,0,1.8,False,True,False,0.68,High Risk,0
443,0,35,6,161111.45,1,0,0,13946.66,85939.723,0,11.55,True,False,False,0.329,Medium Risk,0
596,0,21,4,210433.08,2,0,1,197297.77,165205.87099999998,2,1.07,True,False,False,0.333,Medium Risk,1
645,0,25,1,157404.02,2,1,0,93073.04,106823.922,0,1.69,False,True,False,0.307,Medium Risk,0
621,0,47,7,107363.29,1,1,1,66799.28,75121.429,1,1.61,False,True,False,0.706,Critical Risk,0
741,1,21,9,0.0,2,0,1,139259.54,43577.862,2,0.0,True,False,False,0.021,Low Risk,0
595,1,64,2,105736.32,1,1,1,89935.73,80248.879,1,1.18,False,True,False,0.531,High Risk,1
630,1,49,1,0.0,2,0,1,162858.29,49057.487,2,0.0,False,False,True,0.176,Low Risk,0
562,0,45,6,136855.24,1,1,0,46864.0,83686.81999999999,0,2.92,True,False,False,0.67,High Risk,0
777,1,35,3,0.0,2,1,1,17257.72,5777.316,2,0.0,False,False,True,0.038,Low Risk,0
720,0,64,3,45752.78,2,1,0,79623.28,47363.374,0,0.57,False,False,True,0.627,High Risk,1
626,1,26,8,148610.41,3,0,1,104502.02,107255.811,3,1.42,False,False,True,0.678,High Risk,1
714,0,45,8,150900.29,2,0,1,139889.15,119016.89,2,1.08,False,False,True,0.348,Medium Risk,0
538,0,33,6,93791.38,1,1,1,199249.29,107870.477,1,0.47,True,False,False,0.146,Low Risk,0
633,1,36,6,125130.28,1,0,0,125961.48,101553.584,0,0.99,True,False,False,0.328,Medium Risk,0
667,0,77,2,0.0,1,1,1,34702.92,10810.875999999998,1,0.0,False,False,True,0.267,Low Risk,0
754,1,35,4,0.0,2,1,0,44830.71,14249.213,0,0.0,True,False,False,0.067,Low Risk,0
554,0,42,1,0.0,2,0,1,183492.9,55247.87,2,0.0,False,False,True,0.232,Low Risk,0
618,0,56,7,0.0,1,1,1,142400.27,44120.081,1,0.0,True,False,False,0.393,Medium Risk,1
583,1,22,2,0.0,2,0,1,5985.36,2195.608,2,0.0,False,False,True,0.039,Low Risk,0
756,0,28,8,179960.2,1,1,0,89938.08,118561.524,0,2.0,True,False,False,0.487,Medium Risk,0
782,1,27,3,0.0,2,1,0,143614.01,43684.203,0,0.0,False,False,True,0.058,Low Risk,0
712,0,36,2,100749.5,3,0,0,70758.37,72002.261,0,1.42,True,False,False,0.623,High Risk,1
793,0,54,2,128966.13,1,0,0,18633.4,70473.085,0,6.92,False,True,False,0.943,Critical Risk,1
578,0,46,5,113226.47,1,1,0,56770.76,74644.463,0,1.99,True,False,False,0.694,High Risk,0
709,0,32,4,147307.91,1,0,1,40861.55,86712.42,1,3.61,True,False,False,0.097,Low Risk,0
513,1,41,9,107135.04,2,1,1,160546.58,103531.494,2,0.67,False,False,True,0.185,Low Risk,0
507,0,46,6,92783.68,1,1,1,51424.29,63019.12699999999,1,1.8,False,False,True,0.263,Low Risk,0
724,0,40,10,0.0,1,1,0,127847.25,40354.175,0,0.0,True,False,False,0.57,High Risk,1
661,1,32,1,145980.23,1,0,1,56636.28,90180.999,1,2.58,False,True,False,0.296,Low Risk,0
590,1,32,0,127763.24,1,1,0,100717.54,94096.882,0,1.27,True,False,False,0.188,Low Risk,0
554,1,31,6,135470.9,1,1,0,107074.81,101057.893,0,1.27,False,True,False,0.54,High Risk,0
597,0,28,2,0.0,3,1,1,78707.97,24012.391,3,0.0,True,False,False,0.328,Medium Risk,0
474,0,26,6,0.0,2,0,0,152491.22,46947.366,0,0.0,True,False,False,0.12,Low Risk,0
593,1,48,3,133903.12,2,1,1,85902.39,93322.277,2,1.56,False,True,False,0.346,Medium Risk,1
594,0,41,2,122545.65,2,1,1,42050.24,74287.897,2,2.91,False,True,False,0.268,Low Risk,0
576,1,41,4,112609.91,1,0,0,191035.18,114415.509,0,0.59,True,False,False,0.648,High Risk,1
566,0,22,7,144954.75,2,1,0,102246.0,104551.175,0,1.42,False,True,False,0.342,Medium Risk,0
612,1,63,2,131629.17,2,1,0,122109.58,102847.459,0,1.08,False,False,True,0.749,Critical Risk,1
724,0,40,6,0.0,2,0,0,106149.48,33044.844,0,0.0,True,False,False,0.231,Low Risk,0
790,1,34,2,164011.48,1,1,0,199420.41,142231.863,0,0.82,False,True,False,0.374,Medium Risk,0
657,0,29,7,83889.03,1,1,0,153059.62,89262.401,0,0.55,False,False,True,0.304,Medium Risk,0
687,0,48,4,0.0,2,1,1,170893.85,52068.155,2,0.0,True,False,False,0.124,Low Risk,0
723,0,38,6,0.0,2,1,1,94415.6,29524.68,2,0.0,False,False,True,0.028,Low Risk,0
662,1,22,9,0.0,2,1,1,44377.65,15113.295,2,0.0,True,False,False,0.029,Low Risk,0
786,1,39,7,0.0,2,0,0,100929.59,31678.877,0,0.0,False,False,True,0.117,Low Risk,0
524,0,40,2,180516.9,1,1,0,180002.42,144659.176,0,1.0,True,False,False,0.582,High Risk,0
625,0,52,8,121161.57,1,1,0,48988.28,76877.269,0,2.47,False,False,True,0.712,Critical Risk,0
759,1,22,5,0.0,1,1,0,22303.17,7690.950999999999,0,0.0,True,False,False,0.32,Medium Risk,0
678,1,41,1,143443.61,1,1,0,196622.28,130908.489,0,0.73,True,False,False,0.481,Medium Risk,1
601,1,37,5,0.0,1,0,0,20708.6,7212.579999999999,0,0.0,True,False,False,0.486,Medium Risk,0
661,0,48,3,120320.54,1,0,0,96463.25,89699.245,0,1.25,True,False,False,0.777,Critical Risk,0
671,0,38,0,92674.94,2,1,0,3647.57,47431.741,0,25.41,False,False,True,0.238,Low Risk,0
663,0,33,5,157274.36,2,1,1,28531.81,88196.723,2,5.51,True,False,False,0.091,Low Risk,0
800,1,46,6,0.0,2,1,0,171928.04,52778.412,0,0.0,False,False,True,0.397,Medium Risk,0
650,1,30,6,0.0,1,0,0,67997.13,21599.139,0,0.0,False,False,True,0.485,Medium Risk,1
807,0,37,10,130110.45,2,0,1,172097.95,118684.61,2,0.76,False,True,False,0.14,Low Risk,0
687,1,30,6,0.0,2,0,0,179206.92,54962.076,0,0.0,True,False,False,0.162,Low Risk,0
478,1,50,2,0.0,1,0,1,93332.64,28399.792,1,0.0,True,False,False,0.685,High Risk,1
497,0,27,7,149400.27,1,0,0,167522.19,126356.792,0,0.89,False,False,True,0.391,Medium Risk,0
678,0,55,4,129646.91,1,1,1,184125.1,120860.985,1,0.7,False,True,False,0.715,Critical Risk,1
705,1,44,10,106731.58,1,1,0,137419.87,96591.751,0,0.78,False,True,False,0.833,Critical Risk,1
702,0,39,8,0.0,2,1,0,99654.13,31496.239,0,0.0,False,False,True,0.073,Low Risk,0
688,1,46,0,74458.25,1,0,1,6866.31,39289.018,1,10.84,False,True,False,0.517,High Risk,0
701,0,29,2,0.0,2,1,0,176943.59,53483.077,0,0.0,True,False,False,0.108,Low Risk,0
621,0,26,2,75237.54,1,0,1,44220.4,51284.89,1,1.7,True,False,False,0.101,Low Risk,0
595,1,39,7,120962.13,1,0,0,23305.01,68872.568,0,5.19,True,False,False,0.403,Medium Risk,0
717,0,38,7,97459.06,1,0,0,189175.71,106882.243,0,0.52,True,False,False,0.495,Medium Risk,0
503,0,37,6,0.0,2,0,0,136506.86,42152.058,0,0.0,False,False,True,0.111,Low Risk,0
576,0,46,4,137367.94,1,1,1,33450.11,79519.003,1,4.11,False,True,False,0.718,Critical Risk,0
760,1,51,2,100946.71,1,0,0,179614.8,104757.795,0,0.56,True,False,False,0.83,Critical Risk,1
841,0,32,2,117070.21,1,1,0,113482.2,92979.765,0,1.03,False,True,False,0.541,High Risk,0
694,0,37,10,143835.47,1,0,1,33326.71,83915.74799999999,1,4.32,True,False,False,0.117,Low Risk,0
850,0,39,6,206014.94,2,0,1,42774.84,117039.922,2,4.82,False,False,True,0.292,Low Risk,1
689,1,57,4,0.0,2,1,0,136649.8,41794.94,0,0.0,False,False,True,0.562,High Risk,1
521,1,39,3,146408.68,1,0,0,72993.67,95702.441,0,2.01,False,False,True,0.458,Medium Risk,0
850,0,36,0,0.0,2,1,0,141242.57,42372.771,0,0.0,False,False,True,0.063,Low Risk,0
656,1,41,6,101179.23,2,1,1,35230.61,62358.798,2,2.87,False,False,True,0.201,Low Risk,0
665,1,23,9,143672.9,1,1,1,115147.33,108180.649,1,1.25,True,False,False,0.073,Low Risk,0
748,1,40,4,0.0,2,1,0,132368.47,40510.541,0,0.0,False,False,True,0.128,Low Risk,0
850,0,68,5,169445.4,1,1,1,186335.07,141623.221,1,0.91,True,False,False,0.199,Low Risk,0
753,1,36,7,128518.98,1,1,1,44567.83,79029.83899999999,1,2.88,True,False,False,0.11,Low Risk,1
656,0,50,7,0.0,2,0,1,72143.44,23043.032,2,0.0,True,False,False,0.121,Low Risk,0
687,1,50,5,0.0,2,1,0,110230.4,34069.119999999995,0,0.0,False,False,True,0.485,Medium Risk,0
636,1,33,0,0.0,1,1,0,92277.47,27683.241,0,0.0,False,False,True,0.514,High Risk,1
774,0,53,4,113709.28,1,1,1,153887.93,103821.019,1,0.74,True,False,False,0.273,Low Risk,1
577,0,31,6,0.0,1,1,1,196395.25,60118.575,1,0.0,False,False,True,0.242,Low Risk,0
531,1,47,6,0.0,1,0,0,194998.34,59699.502,0,0.0,True,False,False,0.88,Critical Risk,1
794,0,56,9,96951.21,1,1,1,71776.76,71808.633,1,1.35,True,False,False,0.197,Low Risk,0
713,1,47,1,0.0,1,1,0,107825.08,32547.524,0,0.0,False,False,True,0.842,Critical Risk,1
569,1,51,3,0.0,3,1,0,75084.96,23125.488,0,0.0,False,False,True,0.729,Critical Risk,1
827,0,38,5,0.0,2,0,0,103305.01,31991.503,0,0.0,True,False,False,0.117,Low Risk,0
613,0,38,9,126265.88,2,0,0,15859.95,69690.925,0,7.96,False,True,False,0.48,Medium Risk,0
660,0,24,5,85089.3,1,1,1,71638.0,65036.05,1,1.19,False,True,False,0.1,Low Risk,0
608,1,28,4,0.0,2,1,0,10899.63,4069.889,0,0.0,False,False,True,0.071,Low Risk,1
737,0,45,10,0.0,2,1,0,1364.54,2409.362,0,0.0,True,False,False,0.234,Low Risk,0
608,1,38,8,103653.51,2,1,1,137079.86,94550.713,2,0.76,False,True,False,0.15,Low Risk,0
535,0,38,8,85982.07,1,1,0,9238.35,47362.54,0,9.31,True,False,False,0.23,Low Risk,0
807,1,60,1,72948.58,2,1,1,17355.36,41880.898,2,4.2,False,True,False,0.27,Low Risk,0
655,0,37,8,163708.58,2,0,0,76259.23,106332.059,0,2.15,False,False,True,0.321,Medium Risk,0
850,0,43,5,129305.09,2,0,1,19244.58,71425.919,2,6.72,False,True,False,0.323,Medium Risk,0
588,0,37,2,0.0,2,0,1,187816.59,56744.977,2,0.0,False,False,True,0.117,Low Risk,0
635,1,29,8,138296.94,2,1,0,141075.51,113071.123,0,0.98,False,False,True,0.264,Low Risk,0
766,1,28,3,62717.84,2,1,1,13182.43,35913.649,2,4.76,False,True,False,0.091,Low Risk,0
799,0,38,2,0.0,2,1,1,59297.34,18189.202,2,0.0,False,False,True,0.041,Low Risk,0
637,1,27,7,135842.89,1,1,1,101418.05,99746.86000000002,1,1.34,False,True,False,0.275,Low Risk,0
603,1,42,6,0.0,1,1,1,90437.87,28331.361,1,0.0,False,False,True,0.323,Medium Risk,0
641,0,41,6,0.0,2,1,0,65396.79,20819.037,0,0.0,True,False,False,0.183,Low Risk,0
508,1,43,9,0.0,1,1,0,103726.71,32918.013,0,0.0,True,False,False,0.64,High Risk,0
669,0,37,1,125529.55,1,1,1,162260.93,111643.054,1,0.77,True,False,False,0.135,Low Risk,0
554,0,44,7,85304.27,1,1,1,58076.52,61475.091,1,1.47,True,False,False,0.282,Low Risk,0
646,1,52,6,111739.4,2,0,1,68367.18,77579.85399999999,2,1.63,False,True,False,0.447,Medium Risk,0
695,0,40,7,139022.24,1,0,1,193383.13,128926.059,1,0.72,False,True,False,0.591,High Risk,0
772,0,34,7,111565.91,1,1,1,121073.23,93504.924,1,0.92,False,True,False,0.313,Medium Risk,0
762,1,51,3,99286.98,1,0,1,85578.63,75917.079,1,1.16,True,False,False,0.358,Medium Risk,0
745,1,28,6,0.0,2,1,0,154389.18,47516.75399999999,0,0.0,True,False,False,0.08,Low Risk,0
466,1,47,5,102085.72,1,1,1,183536.24,107103.732,1,0.56,False,True,False,0.653,High Risk,1
642,1,55,7,0.0,2,1,1,101515.76,31854.728,2,0.0,True,False,False,0.133,Low Risk,0
735,0,41,7,74135.85,1,1,1,11783.1,42002.855,1,6.29,True,False,False,0.188,Low Risk,1
691,0,30,9,0.0,2,0,1,10963.04,5088.912,2,0.0,False,False,True,0.035,Low Risk,0
705,1,50,4,77065.9,2,0,1,145159.26,82880.728,2,0.53,True,False,False,0.399,Medium Risk,0
850,1,34,3,129668.43,2,1,1,88743.99,92057.412,2,1.46,False,True,False,0.09,Low Risk,0
744,1,43,10,147832.15,1,0,1,24234.11,83186.30799999999,1,6.1,True,False,False,0.256,Low Risk,0
420,1,31,1,108377.75,2,1,1,9904.63,57360.264,2,10.94,False,True,False,0.1,Low Risk,0
702,1,29,6,149218.39,1,1,1,9633.01,78699.09800000001,1,15.49,True,False,False,0.077,Low Risk,0
612,1,47,6,130024.87,1,1,1,45750.21,79937.49799999999,1,2.84,False,True,False,0.689,High Risk,1
670,0,33,8,126679.69,1,1,1,39451.09,76775.172,1,3.21,True,False,False,0.076,Low Risk,0
612,1,43,4,139496.35,2,1,1,77128.23,93686.644,2,1.81,True,False,False,0.181,Low Risk,0
543,1,31,4,138317.94,1,0,0,61843.73,88512.089,0,2.24,True,False,False,0.29,Low Risk,0
584,0,38,9,104584.16,1,1,0,176678.72,107095.696,0,0.59,True,False,False,0.297,Low Risk,0
553,1,27,3,0.0,2,0,0,159800.16,48540.048,0,0.0,True,False,False,0.13,Low Risk,0
611,1,61,3,131583.59,4,0,1,66238.23,86263.264,4,1.99,True,False,False,0.856,Critical Risk,1
661,0,51,6,146606.6,1,1,1,68021.9,94909.87,1,2.16,True,False,False,0.263,Low Risk,0
850,0,31,3,0.0,2,1,0,121866.87,37160.061,0,0.0,True,False,False,0.071,Low Risk,0
842,1,37,4,132446.08,2,1,0,87071.18,93144.394,0,1.52,True,False,False,0.21,Low Risk,1
511,0,27,8,0.0,2,1,1,49089.36,16326.808,2,0.0,True,False,False,0.019,Low Risk,0
516,1,31,3,0.0,2,1,0,124202.26,37860.678,0,0.0,False,False,True,0.055,Low Risk,0
493,1,48,7,0.0,2,1,0,48545.1,15963.53,0,0.0,False,False,True,0.282,Low Risk,0
850,0,37,4,137204.77,1,1,1,28865.59,78062.06199999999,1,4.75,False,False,True,0.056,Low Risk,0
567,0,29,8,0.0,2,1,0,156125.72,48437.716,0,0.0,False,False,True,0.116,Low Risk,0
679,0,34,7,160515.37,1,1,0,121904.14,118228.927,0,1.32,True,False,False,0.26,Low Risk,0
572,1,19,1,138657.08,1,1,1,16161.82,74377.086,1,8.58,False,True,False,0.254,Low Risk,0
606,0,36,0,94153.56,1,0,1,120138.27,83118.261,1,0.78,False,False,True,0.169,Low Risk,0
797,0,24,5,0.0,2,1,0,182257.61,55677.283,0,0.0,True,False,False,0.09,Low Risk,0
675,0,36,7,89409.95,1,1,1,149399.7,90924.885,1,0.6,False,True,False,0.231,Low Risk,0
591,1,44,10,113581.98,1,1,0,1985.41,59386.613,0,57.21,False,True,False,0.796,Critical Risk,0
671,0,45,2,106376.85,1,0,1,158264.62,101067.811,1,0.67,True,False,False,0.426,Medium Risk,0
731,0,37,8,0.0,2,1,1,170338.35,52701.505,2,0.0,True,False,False,0.024,Low Risk,0
701,0,43,2,0.0,2,1,1,165303.79,49991.137,2,0.0,True,False,False,0.072,Low Risk,0
662,1,72,7,140301.72,1,0,1,179258.67,125328.461,1,0.78,False,False,True,0.26,Low Risk,0
496,1,59,7,91680.1,2,1,0,163141.18,96182.404,0,0.56,False,True,False,0.796,Critical Risk,1
811,0,52,10,76915.4,1,0,0,146359.81,84365.643,0,0.53,False,True,False,0.817,Critical Risk,1
638,0,42,8,145177.84,1,1,0,193471.74,132230.44199999998,0,0.75,False,True,False,0.84,Critical Risk,1
495,1,34,9,117160.32,1,1,1,116069.24,95200.932,1,1.01,False,True,False,0.278,Low Risk,1
622,0,40,4,99799.76,2,1,0,197372.13,109911.519,0,0.51,True,False,False,0.271,Low Risk,0
607,0,29,7,102609.0,1,1,0,163257.44,101681.732,0,0.63,False,True,False,0.576,High Risk,0
786,0,24,2,120135.55,2,1,1,125449.47,98102.616,2,0.96,False,True,False,0.077,Low Risk,0
798,1,49,5,132571.67,1,1,1,31686.33,76791.73400000001,1,4.18,False,True,False,0.707,Critical Risk,1
559,0,49,2,147069.78,1,1,0,120540.83,110097.139,0,1.22,True,False,False,0.741,Critical Risk,1
816,1,34,2,108410.87,2,1,0,102908.91,85478.108,0,1.05,False,True,False,0.37,Medium Risk,0
682,0,40,4,0.0,2,1,1,140745.91,43023.773,2,0.0,True,False,False,0.054,Low Risk,0
533,0,47,9,83347.25,1,1,1,137696.25,84782.5,1,0.61,True,False,False,0.312,Medium Risk,0
651,0,40,1,134760.21,2,0,0,174434.06,119910.323,0,0.77,False,True,False,0.566,High Risk,1
395,1,34,5,106011.59,1,1,1,17376.57,59218.766,1,6.1,False,True,False,0.306,Medium Risk,1
543,0,30,6,73481.05,1,1,1,176692.65,90948.32,1,0.42,False,True,False,0.151,Low Risk,0
731,0,35,2,127862.93,2,1,0,139083.7,106056.575,0,0.92,False,True,False,0.38,Medium Risk,0
739,0,40,5,149131.03,3,1,1,60036.99,93576.612,3,2.48,False,True,False,0.859,Critical Risk,1
595,1,30,5,100683.54,1,1,1,178361.04,104850.082,1,0.56,False,False,True,0.127,Low Risk,0
664,1,53,7,187602.18,1,1,0,186392.99,151118.987,0,1.01,False,False,True,0.69,High Risk,1
639,1,27,2,0.0,2,0,0,125244.18,37973.25399999999,0,0.0,True,False,False,0.085,Low Risk,0
683,1,38,5,127616.56,1,1,0,123846.07,101962.101,0,1.03,True,False,False,0.344,Medium Risk,0
769,1,73,1,0.0,1,1,1,29792.11,9137.633,1,0.0,True,False,False,0.348,Medium Risk,0
593,1,32,3,0.0,2,1,1,151978.36,46193.508,2,0.0,True,False,False,0.035,Low Risk,0
624,1,45,3,68639.57,1,1,0,168002.31,85320.478,0,0.41,True,False,False,0.854,Critical Risk,1
612,1,62,0,167026.61,2,1,1,192892.05,141380.91999999998,2,0.87,False,False,True,0.302,Medium Risk,0
548,1,29,4,0.0,2,0,1,48673.18,15401.954,2,0.0,True,False,False,0.033,Low Risk,0
525,1,25,10,0.0,2,1,0,69361.95,22808.585,0,0.0,False,False,True,0.052,Low Risk,0
805,1,31,4,0.0,2,1,0,4798.12,2239.436,0,0.0,True,False,False,0.086,Low Risk,0
465,1,33,6,0.0,2,1,1,95500.98,29850.294,2,0.0,False,False,True,0.019,Low Risk,0
706,1,46,4,105214.58,1,1,0,108699.59,86017.167,0,0.97,False,True,False,0.913,Critical Risk,1
649,0,70,9,116854.71,2,0,1,107125.79,92365.092,2,1.09,False,True,False,0.266,Low Risk,0
507,0,36,4,83543.37,1,0,0,140134.43,84612.014,0,0.6,True,False,False,0.384,Medium Risk,0
561,1,27,9,135637.0,1,1,0,153080.4,115542.62,0,0.89,True,False,False,0.193,Low Risk,1
648,1,39,6,130694.89,2,1,1,153955.38,112734.059,2,0.85,True,False,False,0.101,Low Risk,1
579,1,29,10,73194.52,2,1,1,129209.09,77359.987,2,0.57,True,False,False,0.089,Low Risk,0
650,1,46,9,149003.76,2,1,0,176902.83,129372.729,0,0.84,False,True,False,0.658,High Risk,0
501,0,24,4,130806.42,2,1,0,80241.14,90275.552,0,1.63,False,True,False,0.322,Medium Risk,0
535,1,38,8,0.0,2,1,0,136620.64,42586.192,0,0.0,True,False,False,0.106,Low Risk,0
718,0,35,8,0.0,2,1,0,94820.85,30046.255,0,0.0,True,False,False,0.086,Low Risk,0
505,0,34,10,104498.79,1,0,1,126451.14,92184.737,1,0.83,True,False,False,0.085,Low Risk,0
631,0,33,7,0.0,1,1,1,58043.02,18812.906,1,0.0,True,False,False,0.222,Low Risk,1
473,1,25,6,110666.42,2,0,0,46758.42,70560.736,0,2.37,True,False,False,0.144,Low Risk,0
611,0,34,4,0.0,2,1,0,170950.58,52085.17399999999,0,0.0,False,False,True,0.113,Low Risk,0
477,1,57,9,114023.64,2,1,1,71167.17,80161.97099999999,2,1.6,True,False,False,0.2,Low Risk,1
695,0,36,4,161533.0,1,1,0,100940.91,111848.773,0,1.6,True,False,False,0.324,Medium Risk,0
581,1,50,4,0.0,2,1,1,80701.72,25010.516,2,0.0,False,False,True,0.131,Low Risk,0
610,1,50,5,130554.51,3,1,0,184758.17,121704.706,0,0.71,False,False,True,0.802,Critical Risk,1
636,1,48,1,170833.46,1,1,0,110510.28,118769.81399999998,0,1.55,True,False,False,0.76,Critical Risk,1
687,0,35,1,125141.24,2,1,1,148537.07,107331.741,2,0.84,False,True,False,0.132,Low Risk,0
477,0,22,5,82559.42,2,0,0,163112.9,91213.58,0,0.51,True,False,False,0.2,Low Risk,1
494,0,37,5,107106.33,2,1,0,172063.09,106172.092,0,0.62,False,True,False,0.41,Medium Risk,0
704,1,44,9,153656.85,1,1,0,158742.81,126251.268,0,0.97,False,False,True,0.56,High Risk,0
484,1,29,4,130114.39,1,1,0,164017.89,115062.562,0,0.79,True,False,False,0.191,Low Risk,0
537,0,39,3,135309.36,1,1,0,31728.86,77773.33799999999,0,4.26,False,True,False,0.802,Critical Risk,1
548,1,37,9,0.0,2,0,0,98029.58,31208.874,0,0.0,True,False,False,0.129,Low Risk,0
748,0,60,3,0.0,2,1,1,78194.37,24058.311,2,0.0,False,False,True,0.049,Low Risk,0
695,0,44,8,0.0,2,1,1,70974.13,22892.239,2,0.0,False,False,True,0.059,Low Risk,0
702,1,23,7,98775.23,1,1,0,114603.96,85168.803,0,0.86,False,True,False,0.432,Medium Risk,0
585,0,40,7,0.0,2,0,0,146156.98,45247.094000000005,0,0.0,True,False,False,0.229,Low Risk,0
706,0,38,5,163034.82,2,1,1,135662.17,123216.06100000002,2,1.2,False,True,False,0.14,Low Risk,0
850,1,39,7,79259.99,1,0,1,186910.74,97103.217,1,0.42,True,False,False,0.27,Low Risk,0
712,1,42,1,87842.98,1,0,0,92223.59,71788.567,0,0.95,True,False,False,0.637,High Risk,0
518,1,38,10,84764.79,1,1,1,162253.9,93058.565,1,0.52,True,False,False,0.172,Low Risk,0
569,1,35,4,93934.63,1,1,0,184748.23,103191.784,0,0.51,True,False,False,0.264,Low Risk,0
721,1,32,10,0.0,1,1,0,136119.96,42835.988,0,0.0,False,False,True,0.338,Medium Risk,1
605,0,39,3,0.0,2,1,0,199390.45,60417.135,0,0.0,True,False,False,0.153,Low Risk,0
738,0,49,3,0.0,3,1,1,65066.48,20119.944,3,0.0,False,False,True,0.713,Critical Risk,1
662,1,22,2,126362.57,2,1,1,97382.8,92796.125,2,1.3,True,False,False,0.054,Low Risk,0
841,0,27,8,0.0,1,1,0,171922.72,53176.816,0,0.0,True,False,False,0.422,Medium Risk,0
703,1,45,7,0.0,2,1,1,68831.72,22049.516,2,0.0,True,False,False,0.074,Low Risk,0
651,0,44,2,0.0,3,1,0,102530.35,31159.105,0,0.0,True,False,False,0.62,High Risk,1
565,0,33,8,130368.31,2,1,0,105642.43,98476.884,0,1.23,False,True,False,0.369,Medium Risk,0
565,1,44,1,0.0,2,0,1,89602.81,27080.843,2,0.0,True,False,False,0.172,Low Risk,0
521,0,38,6,0.0,2,1,0,51454.06,16636.218,0,0.0,True,False,False,0.071,Low Risk,0
714,0,40,9,46520.69,1,1,1,96687.25,54066.52,1,0.48,True,False,False,0.211,Low Risk,0
636,1,28,2,115265.14,1,0,0,191627.85,115520.925,0,0.6,False,True,False,0.765,Critical Risk,0
456,0,32,9,133060.63,1,1,1,125167.92,105880.691,1,1.06,False,True,False,0.272,Low Risk,0
686,1,39,3,111695.62,1,0,0,136643.84,97440.962,0,0.82,True,False,False,0.456,Medium Risk,0
548,0,32,2,98986.28,1,1,1,55867.38,66653.35399999999,1,1.77,False,True,False,0.209,Low Risk,0
554,1,44,9,135814.7,2,0,0,115091.38,104234.764,0,1.18,True,False,False,0.546,High Risk,0
649,1,41,2,125785.23,1,1,1,70523.92,84449.791,1,1.78,True,False,False,0.178,Low Risk,0
750,1,38,1,0.0,2,1,0,47764.99,14529.497,0,0.0,True,False,False,0.07,Low Risk,0
724,1,41,4,142880.28,3,0,0,185541.2,127902.5,0,0.77,False,False,True,0.648,High Risk,1
595,0,46,10,0.0,1,1,0,73489.15,24046.745,0,0.0,True,False,False,0.685,High Risk,1
691,0,21,3,103000.94,1,1,1,104648.58,83495.044,1,0.98,False,False,True,0.063,Low Risk,0
807,0,47,1,95120.59,1,0,0,127875.1,86122.825,0,0.74,True,False,False,0.714,Critical Risk,0
470,0,30,4,125385.01,1,1,0,68293.93,83980.684,0,1.84,False,False,True,0.318,Medium Risk,0
662,0,74,6,0.0,2,1,0,123583.85,38275.155,0,0.0,True,False,False,0.487,Medium Risk,0
519,0,39,2,112957.26,2,1,0,97593.16,86156.578,0,1.16,True,False,False,0.253,Low Risk,0
755,0,31,5,0.0,2,0,1,194660.78,59398.234,2,0.0,True,False,False,0.055,Low Risk,0
593,0,41,6,0.0,2,1,1,99136.49,30940.947,2,0.0,True,False,False,0.073,Low Risk,0
713,0,47,1,95994.98,1,1,0,197529.23,107456.259,0,0.49,False,True,False,0.917,Critical Risk,0
619,1,28,6,99152.73,2,1,0,48475.12,65318.901,0,2.05,False,True,False,0.269,Low Risk,0
584,1,48,2,213146.2,1,1,0,75161.25,129521.475,0,2.84,False,False,True,0.638,High Risk,1
641,1,36,1,0.0,2,1,0,102021.39,30806.417,0,0.0,False,False,True,0.092,Low Risk,0
602,1,42,6,158414.85,1,1,1,131886.46,119973.363,1,1.2,False,True,False,0.521,High Risk,0
539,0,39,1,0.0,1,1,1,28184.7,8655.41,1,0.0,True,False,False,0.322,Medium Risk,0
713,1,32,1,117094.02,1,0,0,149558.83,103614.659,0,0.78,True,False,False,0.28,Low Risk,1
850,0,22,7,91560.58,2,0,0,10541.38,50342.704,0,8.69,False,True,False,0.269,Low Risk,0
642,1,56,6,103244.86,2,1,0,143049.72,95737.346,0,0.72,False,True,False,0.845,Critical Risk,1
626,0,33,8,0.0,2,1,0,138504.28,43151.284,0,0.0,True,False,False,0.096,Low Risk,0
663,0,46,3,0.0,2,0,1,176276.1,53482.83,2,0.0,True,False,False,0.245,Low Risk,0
639,1,27,2,0.0,1,1,1,82938.99,25281.697,1,0.0,False,False,True,0.19,Low Risk,0
615,0,41,4,0.0,1,0,1,149278.96,45583.688,1,0.0,False,False,True,0.541,High Risk,0
832,0,61,2,0.0,1,0,1,127804.66,38741.398,1,0.0,True,False,False,0.519,High Risk,1
587,0,55,9,0.0,1,1,0,64593.07,21177.921,0,0.0,True,False,False,0.772,Critical Risk,0
614,0,44,6,0.0,2,0,1,104930.46,32679.138,2,0.0,True,False,False,0.173,Low Risk,0
439,1,66,9,0.0,1,1,0,65535.56,21460.668,0,0.0,True,False,False,0.744,Critical Risk,0
645,0,44,10,0.0,2,0,1,166707.22,52012.166,2,0.0,True,False,False,0.16,Low Risk,0
848,1,40,5,148495.64,1,0,0,158853.98,122904.014,0,0.93,False,True,False,0.62,High Risk,0
712,0,34,1,0.0,2,1,1,195052.12,58715.636,2,0.0,True,False,False,0.036,Low Risk,0
503,0,38,1,0.0,2,1,1,95153.24,28745.972,2,0.0,True,False,False,0.026,Low Risk,0
655,1,78,2,0.0,2,0,1,188435.38,56930.614,2,0.0,False,False,True,0.164,Low Risk,0
720,0,33,2,0.0,2,0,1,141031.08,42709.32399999999,2,0.0,True,False,False,0.037,Low Risk,0
538,1,42,1,98548.62,2,0,1,94047.75,77688.635,2,1.05,False,True,False,0.404,Medium Risk,0
715,0,34,4,124314.45,1,0,0,97782.92,92292.101,0,1.27,True,False,False,0.286,Low Risk,0
779,1,48,2,115290.27,1,0,0,98912.69,87718.94200000001,0,1.17,True,False,False,0.704,Critical Risk,1
570,0,34,10,0.0,2,0,1,183387.12,57016.136,2,0.0,False,False,True,0.032,Low Risk,0
598,0,48,6,120682.53,1,1,0,30635.52,70731.921,0,3.94,True,False,False,0.709,Critical Risk,1
850,1,34,2,0.0,2,0,0,51919.04,15975.712,0,0.0,True,False,False,0.073,Low Risk,0
717,1,22,6,101060.25,1,0,1,84699.56,77139.993,1,1.19,False,False,True,0.071,Low Risk,0
611,1,53,7,0.0,2,0,1,156495.39,48348.617000000006,2,0.0,True,False,False,0.223,Low Risk,1
731,0,29,10,0.0,2,1,1,162452.65,50735.795,2,0.0,True,False,False,0.033,Low Risk,0
756,0,67,4,0.0,3,1,1,93081.87,28724.561,3,0.0,True,False,False,0.516,High Risk,0
605,1,31,1,117992.59,1,1,1,183598.77,114275.926,1,0.64,False,True,False,0.34,Medium Risk,0
735,0,28,5,160454.15,2,0,1,114957.22,115714.241,2,1.4,False,True,False,0.251,Low Risk,0
810,0,35,3,96814.46,2,1,1,120511.03,85160.539,2,0.8,False,True,False,0.09,Low Risk,0
727,0,21,8,153344.72,1,1,1,163295.87,127261.121,1,0.94,False,True,False,0.235,Low Risk,0
757,1,71,0,88084.13,2,1,1,154337.47,90343.306,2,0.57,True,False,False,0.185,Low Risk,0
741,1,35,1,0.0,2,1,0,36557.55,11167.265,0,0.0,True,False,False,0.067,Low Risk,0
657,0,75,7,126273.95,1,0,1,91673.6,92039.055,1,1.38,False,False,True,0.172,Low Risk,0
758,1,40,5,93499.82,2,0,0,123218.81,84715.553,0,0.76,False,False,True,0.429,Medium Risk,0
714,0,29,9,0.0,2,1,0,129192.55,40557.765,0,0.0,False,False,True,0.055,Low Risk,0
550,0,31,5,142200.19,2,1,1,122221.71,108766.608,2,1.16,True,False,False,0.076,Low Risk,0
778,1,29,6,150358.97,1,1,0,62454.01,95115.688,0,2.41,False,True,False,0.544,High Risk,1
788,1,49,4,137455.99,1,1,0,184178.29,124781.482,0,0.75,False,True,False,0.885,Critical Risk,1
618,1,35,10,0.0,2,1,0,180439.75,56131.925,0,0.0,True,False,False,0.123,Low Risk,0
462,0,39,4,140133.08,2,0,0,131304.45,110257.875,0,1.07,True,False,False,0.397,Medium Risk,0
465,0,33,8,0.0,2,1,0,177668.55,54900.565,0,0.0,True,False,False,0.112,Low Risk,0
728,0,42,8,0.0,2,0,1,41823.22,14146.966,2,0.0,False,False,True,0.102,Low Risk,0
794,0,57,3,117056.46,1,1,0,93336.93,87129.30900000001,0,1.25,False,True,False,0.935,Critical Risk,1
730,0,34,1,0.0,2,1,1,126592.01,38177.603,2,0.0,True,False,False,0.024,Low Risk,0
633,0,38,2,91902.56,2,1,1,107673.35,78653.285,2,0.85,True,False,False,0.083,Low Risk,0
850,0,36,1,104077.19,2,0,1,68594.0,72816.795,2,1.52,True,False,False,0.081,Low Risk,0
704,0,47,5,0.0,2,1,1,145338.61,44601.58299999999,2,0.0,True,False,False,0.077,Low Risk,0
698,1,27,1,94920.71,1,1,1,40339.9,59762.325,1,2.35,True,False,False,0.052,Low Risk,0
635,1,37,9,146748.07,1,0,1,11407.58,78596.30900000001,1,12.86,False,True,False,0.385,Medium Risk,0
674,0,22,3,0.0,1,1,1,173940.59,52782.177,1,0.0,True,False,False,0.176,Low Risk,0
573,0,50,0,159304.07,1,0,1,155915.24,126426.607,1,1.02,False,False,True,0.465,Medium Risk,1
799,1,63,1,110314.21,2,1,0,37464.0,66596.30500000001,0,2.94,True,False,False,0.562,High Risk,1
548,1,46,1,0.0,1,1,1,104469.06,31540.718,1,0.0,True,False,False,0.542,High Risk,1
673,1,37,10,0.0,2,1,1,37411.35,13223.405,2,0.0,True,False,False,0.133,Low Risk,0
660,0,28,2,170890.05,2,1,0,41758.9,98372.695,0,4.09,False,True,False,0.253,Low Risk,0
558,1,36,0,126606.63,2,1,1,172363.52,115012.371,2,0.73,False,True,False,0.145,Low Risk,0
724,1,32,6,0.0,2,1,1,150026.79,46208.037,2,0.0,True,False,False,0.03,Low Risk,0
689,1,29,1,77556.79,2,1,1,122998.26,75877.87299999999,2,0.63,True,False,False,0.072,Low Risk,0
620,1,70,3,87926.24,2,1,0,33350.26,54568.198,0,2.64,True,False,False,0.641,High Risk,1
664,0,54,8,0.0,1,1,1,162719.69,50415.907,1,0.0,True,False,False,0.367,Medium Risk,1
702,0,32,8,71667.74,1,1,1,126082.18,75258.524,1,0.57,False,False,True,0.092,Low Risk,0
750,1,36,8,112940.07,1,0,1,9855.81,61026.778000000006,1,11.46,False,False,True,0.184,Low Risk,0
682,0,32,2,105163.88,2,1,1,164170.46,102233.078,2,0.64,False,True,False,0.066,Low Risk,0
610,0,42,6,0.0,2,1,0,158302.59,48690.777,0,0.0,False,False,True,0.219,Low Risk,1
443,0,44,2,0.0,1,1,0,159165.7,48149.71,0,0.0,True,False,False,0.813,Critical Risk,0
686,1,47,5,113328.93,1,1,0,124170.9,94915.735,0,0.91,True,False,False,0.694,High Risk,0
850,1,28,1,105245.34,1,0,1,74780.13,75256.709,1,1.41,True,False,False,0.057,Low Risk,0
438,0,38,2,0.0,2,1,0,136859.55,41457.865,0,0.0,True,False,False,0.112,Low Risk,0
682,1,48,7,0.0,2,1,0,65069.03,20920.709,0,0.0,True,False,False,0.459,Medium Risk,0
568,0,43,5,87612.64,4,1,1,107155.4,76952.94,4,0.82,False,True,False,0.824,Critical Risk,1
703,1,45,1,0.0,1,1,0,182784.11,55035.23299999999,0,0.0,False,False,True,0.798,Critical Risk,1
709,0,23,10,0.0,2,0,0,129590.18,40877.054,0,0.0,False,False,True,0.093,Low Risk,0
553,0,38,3,99844.68,1,0,0,187915.7,106897.05,0,0.53,True,False,False,0.436,Medium Risk,0
791,0,28,4,0.0,1,1,0,174435.48,53130.644,0,0.0,True,False,False,0.424,Medium Risk,0
416,0,35,8,0.0,1,0,0,119712.78,37513.834,0,0.0,False,False,True,0.472,Medium Risk,0
614,0,43,8,140733.74,1,1,1,166588.76,121943.498,1,0.84,False,True,False,0.617,High Risk,0
716,0,42,8,0.0,2,1,0,180800.42,55840.126,0,0.0,False,False,True,0.276,Low Risk,0
547,1,44,5,0.0,3,0,0,5459.07,2637.7209999999995,0,0.0,False,False,True,0.522,High Risk,1
846,1,41,5,0.0,3,1,0,3440.47,2032.141,0,0.0,True,False,False,0.389,Medium Risk,1
631,1,33,4,123246.7,1,0,0,112687.57,96229.621,0,1.09,False,True,False,0.687,High Risk,0
515,0,33,2,0.0,2,1,1,136028.97,41208.691,2,0.0,True,False,False,0.019,Low Risk,0
607,0,40,5,90594.55,1,0,1,181598.25,100776.75,1,0.5,False,True,False,0.607,High Risk,0
739,0,19,5,89750.21,1,1,0,193008.52,103777.661,0,0.47,False,False,True,0.301,Medium Risk,0
680,0,36,7,0.0,2,1,0,20109.21,7432.763,0,0.0,False,False,True,0.058,Low Risk,0
747,0,37,9,135776.36,3,1,0,85470.45,95329.315,0,1.59,False,True,False,0.734,Critical Risk,1
850,0,42,8,119839.69,1,0,1,51016.02,76824.651,1,2.35,False,True,False,0.515,High Risk,1
640,0,62,3,0.0,1,1,1,101663.47,31099.041,1,0.0,False,False,True,0.335,Medium Risk,0
563,1,34,6,139810.34,1,1,1,152417.79,116830.507,1,0.92,True,False,False,0.097,Low Risk,0
731,1,33,5,137388.01,2,1,0,165000.68,119194.209,0,0.83,False,False,True,0.267,Low Risk,0
497,0,32,8,0.0,2,1,0,67364.42,21809.326,0,0.0,True,False,False,0.051,Low Risk,0
674,0,36,2,154525.7,1,0,1,27468.72,85903.466,1,5.63,True,False,False,0.162,Low Risk,0
634,0,37,3,111432.77,2,1,1,167032.49,106426.132,2,0.67,False,True,False,0.117,Low Risk,0
516,1,47,9,128298.74,1,0,0,149614.17,110833.621,0,0.86,False,True,False,0.929,Critical Risk,1
689,0,39,7,0.0,2,0,0,14917.09,5875.127,0,0.0,True,False,False,0.147,Low Risk,0
750,0,33,2,152302.72,1,1,0,71333.44,97951.392,0,2.14,True,False,False,0.307,Medium Risk,0
